-- MySQL dump 10.13  Distrib 8.0.43, for Win64 (x86_64)
--
-- Host: codrus.terry.uga.edu    Database: cs_hb68218
-- ------------------------------------------------------
-- Server version	8.0.25

/*!40101 SET @OLD_CHARACTER_SET_CLIENT=@@CHARACTER_SET_CLIENT */;
/*!40101 SET @OLD_CHARACTER_SET_RESULTS=@@CHARACTER_SET_RESULTS */;
/*!40101 SET @OLD_COLLATION_CONNECTION=@@COLLATION_CONNECTION */;
/*!50503 SET NAMES utf8 */;
/*!40103 SET @OLD_TIME_ZONE=@@TIME_ZONE */;
/*!40103 SET TIME_ZONE='+00:00' */;
/*!40014 SET @OLD_UNIQUE_CHECKS=@@UNIQUE_CHECKS, UNIQUE_CHECKS=0 */;
/*!40014 SET @OLD_FOREIGN_KEY_CHECKS=@@FOREIGN_KEY_CHECKS, FOREIGN_KEY_CHECKS=0 */;
/*!40101 SET @OLD_SQL_MODE=@@SQL_MODE, SQL_MODE='NO_AUTO_VALUE_ON_ZERO' */;
/*!40111 SET @OLD_SQL_NOTES=@@SQL_NOTES, SQL_NOTES=0 */;

--
-- Table structure for table `Referee`
--

DROP TABLE IF EXISTS `Referee`;
/*!40101 SET @saved_cs_client     = @@character_set_client */;
/*!50503 SET character_set_client = utf8mb4 */;
CREATE TABLE `Referee` (
  `idReferee` int NOT NULL,
  `refereename` varchar(45) DEFAULT NULL,
  `Refereecol` varchar(45) DEFAULT NULL,
  `experience` varchar(45) DEFAULT NULL,
  `Refereecol1` varchar(45) DEFAULT NULL,
  `region` varchar(45) DEFAULT NULL,
  `role` varchar(45) DEFAULT NULL,
  `headrefid` varchar(45) DEFAULT NULL,
  PRIMARY KEY (`idReferee`)
) ENGINE=InnoDB DEFAULT CHARSET=utf8mb3;
/*!40101 SET character_set_client = @saved_cs_client */;

--
-- Dumping data for table `Referee`
--

LOCK TABLES `Referee` WRITE;
/*!40000 ALTER TABLE `Referee` DISABLE KEYS */;
INSERT INTO `Referee` VALUES (1,'Christopher Hill',NULL,'14',NULL,'SEC','R',''),(2,'Logan Whitaker',NULL,'20',NULL,'SEC','U','1'),(3,'Eric Lee',NULL,'5',NULL,'SEC','HL','1'),(4,'Kyle Wilson',NULL,'12',NULL,'SEC','LJ','1'),(5,'Tyler Johnson',NULL,'9',NULL,'SEC','FJ','1'),(6,'Logan Douglas',NULL,'6',NULL,'SEC','SJ','1'),(7,'Kevin Brown',NULL,'19',NULL,'SEC','BJ','1'),(8,'Blake Hill',NULL,'13',NULL,'SEC','R',''),(9,'Ethan Brown',NULL,'7',NULL,'SEC','U','8'),(10,'Ethan Rodriguez',NULL,'5',NULL,'SEC','HL','8'),(11,'Connor Davis',NULL,'6',NULL,'SEC','LJ','8'),(12,'Owen Garcia',NULL,'6',NULL,'SEC','FJ','8'),(13,'Matthew Martin',NULL,'17',NULL,'SEC','SJ','8'),(14,'Eli McAllister',NULL,'15',NULL,'SEC','BJ','8'),(15,'Tyler Taylor',NULL,'17',NULL,'SEC','R',''),(16,'Kyle Whitaker',NULL,'15',NULL,'SEC','U','15'),(17,'Ryan Jackson',NULL,'1',NULL,'SEC','HL','15'),(18,'Ethan Tran',NULL,'2',NULL,'SEC','LJ','15'),(19,'Marcus Moore',NULL,'4',NULL,'SEC','FJ','15'),(20,'Luke Tran',NULL,'14',NULL,'SEC','SJ','15'),(21,'Marcus Rodriguez',NULL,'8',NULL,'SEC','BJ','15'),(22,'Nathan Lee',NULL,'10',NULL,'SEC','R',''),(23,'James Davis',NULL,'6',NULL,'SEC','U','22'),(24,'Eric Hill',NULL,'8',NULL,'SEC','HL','22'),(25,'Eli Wilson',NULL,'7',NULL,'SEC','LJ','22'),(26,'Mason Lee',NULL,'12',NULL,'SEC','FJ','22'),(27,'Marcus Clark',NULL,'6',NULL,'SEC','SJ','22'),(28,'Josh Douglas',NULL,'5',NULL,'SEC','BJ','22'),(29,'Logan Boyd',NULL,'22',NULL,'SEC','R',''),(30,'Marcus Thompson',NULL,'8',NULL,'SEC','U','29'),(31,'Mason Lee',NULL,'20',NULL,'SEC','HL','29'),(32,'Eric Anderson',NULL,'2',NULL,'SEC','LJ','29'),(33,'Tyler Stevens',NULL,'17',NULL,'SEC','FJ','29'),(34,'Blake Stevens',NULL,'17',NULL,'SEC','SJ','29'),(35,'Mason Miller',NULL,'7',NULL,'SEC','BJ','29'),(36,'Aaron Moore',NULL,'21',NULL,'SEC','R',''),(37,'Kyle Thompson',NULL,'7',NULL,'SEC','U','36'),(38,'Mason Taylor',NULL,'4',NULL,'SEC','HL','36'),(39,'Eric Hill',NULL,'5',NULL,'SEC','LJ','36'),(40,'Connor Edwards',NULL,'11',NULL,'SEC','FJ','36'),(41,'James Brown',NULL,'10',NULL,'SEC','SJ','36'),(42,'Logan Martinez',NULL,'7',NULL,'SEC','BJ','36'),(43,'Ethan Lewis',NULL,'13',NULL,'SEC','R',''),(44,'Christopher Martin',NULL,'1',NULL,'SEC','U','43'),(45,'Brian McAllister',NULL,'7',NULL,'SEC','HL','43'),(46,'David McAllister',NULL,'13',NULL,'SEC','LJ','43'),(47,'James Lewis',NULL,'6',NULL,'SEC','FJ','43'),(48,'Eli Moore',NULL,'16',NULL,'SEC','SJ','43'),(49,'Matthew McAllister',NULL,'8',NULL,'SEC','BJ','43'),(50,'James Martinez',NULL,'24',NULL,'SEC','R',''),(51,'Eric Whitaker',NULL,'14',NULL,'SEC','U','50'),(52,'Mason Tran',NULL,'3',NULL,'SEC','HL','50'),(53,'Connor Lee',NULL,'16',NULL,'SEC','LJ','50'),(54,'Eric Whitaker',NULL,'8',NULL,'SEC','FJ','50'),(55,'Adam Lewis',NULL,'15',NULL,'SEC','SJ','50'),(56,'Kyle Tran',NULL,'18',NULL,'SEC','BJ','50'),(57,'Brandon Davis',NULL,'11',NULL,'SEC','R',''),(58,'Josh Garcia',NULL,'9',NULL,'SEC','U','57'),(59,'Tyler Moore',NULL,'15',NULL,'SEC','HL','57'),(60,'Eli Rodriguez',NULL,'9',NULL,'SEC','LJ','57'),(61,'Cole Clark',NULL,'6',NULL,'SEC','FJ','57'),(62,'Matthew Lee',NULL,'16',NULL,'SEC','SJ','57'),(63,'Aaron Hill',NULL,'6',NULL,'SEC','BJ','57'),(64,'Tyler Lee',NULL,'15',NULL,'SEC','R',''),(65,'Tyler Robinson',NULL,'10',NULL,'SEC','U','64'),(66,'Luke Robinson',NULL,'18',NULL,'SEC','HL','64'),(67,'Kyle Lee',NULL,'17',NULL,'SEC','LJ','64'),(68,'Ethan Miller',NULL,'16',NULL,'SEC','FJ','64'),(69,'David White',NULL,'4',NULL,'SEC','SJ','64'),(70,'Logan Lee',NULL,'2',NULL,'SEC','BJ','64'),(71,'Owen Hill',NULL,'10',NULL,'SEC','R',''),(72,'Samuel Garcia',NULL,'6',NULL,'SEC','U','71'),(73,'Brian McAllister',NULL,'14',NULL,'SEC','HL','71'),(74,'Aaron Garcia',NULL,'18',NULL,'SEC','LJ','71'),(75,'Eli Clark',NULL,'14',NULL,'SEC','FJ','71'),(76,'Eric Robinson',NULL,'11',NULL,'SEC','SJ','71'),(77,'Josh Martin',NULL,'4',NULL,'SEC','BJ','71'),(78,'Cole Robinson',NULL,'10',NULL,'SEC','R',''),(79,'Jonathan Martinez',NULL,'13',NULL,'SEC','U','78'),(80,'Mason Taylor',NULL,'15',NULL,'SEC','HL','78'),(81,'Tyler Johnson',NULL,'20',NULL,'SEC','LJ','78'),(82,'Adam Jackson',NULL,'15',NULL,'SEC','FJ','78'),(83,'Kevin White',NULL,'8',NULL,'SEC','SJ','78'),(84,'Christopher Stevens',NULL,'6',NULL,'SEC','BJ','78'),(85,'Brandon Douglas',NULL,'15',NULL,'SEC','R',''),(86,'Nathan Stevens',NULL,'20',NULL,'SEC','U','85'),(87,'Jonathan Miller',NULL,'6',NULL,'SEC','HL','85'),(88,'Mason Boyd',NULL,'6',NULL,'SEC','LJ','85'),(89,'Blake Wilson',NULL,'17',NULL,'SEC','FJ','85'),(90,'James Miller',NULL,'1',NULL,'SEC','SJ','85'),(91,'Samuel Johnson',NULL,'19',NULL,'SEC','BJ','85'),(92,'Adam Martin',NULL,'10',NULL,'SEC','R',''),(93,'Blake Anderson',NULL,'16',NULL,'SEC','U','92'),(94,'Sean Boyd',NULL,'19',NULL,'SEC','HL','92'),(95,'Samuel Lewis',NULL,'2',NULL,'SEC','LJ','92'),(96,'Marcus Garcia',NULL,'2',NULL,'SEC','FJ','92'),(97,'Marcus Douglas',NULL,'6',NULL,'SEC','SJ','92'),(98,'Samuel Lee',NULL,'3',NULL,'SEC','BJ','92'),(99,'Sean Moore',NULL,'24',NULL,'SEC','R',''),(100,'Mason Brown',NULL,'16',NULL,'SEC','U','99'),(101,'Mason Wilson',NULL,'5',NULL,'SEC','HL','99'),(102,'Brian Thomas',NULL,'8',NULL,'SEC','LJ','99'),(103,'Owen Lee',NULL,'10',NULL,'SEC','FJ','99'),(104,'Brandon Walker',NULL,'9',NULL,'SEC','SJ','99'),(105,'Aaron Martinez',NULL,'4',NULL,'SEC','BJ','99'),(106,'Aaron Whitaker',NULL,'24',NULL,'SEC','R',''),(107,'Eli Jackson',NULL,'15',NULL,'SEC','U','106'),(108,'David Garcia',NULL,'14',NULL,'SEC','HL','106'),(109,'Kyle Thompson',NULL,'13',NULL,'SEC','LJ','106'),(110,'Sean Martin',NULL,'3',NULL,'SEC','FJ','106'),(111,'Kevin Brown',NULL,'11',NULL,'SEC','SJ','106'),(112,'Eli Tran',NULL,'19',NULL,'SEC','BJ','106'),(113,'Owen Lewis',NULL,'12',NULL,'SEC','R',''),(114,'Josh Martin',NULL,'6',NULL,'SEC','U','113'),(115,'Kevin Jackson',NULL,'10',NULL,'SEC','HL','113'),(116,'Eric Robinson',NULL,'5',NULL,'SEC','LJ','113'),(117,'Blake Whitaker',NULL,'14',NULL,'SEC','FJ','113'),(118,'Connor Jackson',NULL,'17',NULL,'SEC','SJ','113'),(119,'Christopher McAllister',NULL,'15',NULL,'SEC','BJ','113'),(120,'Samuel White',NULL,'17',NULL,'SEC','R',''),(121,'Tyler Douglas',NULL,'13',NULL,'SEC','U','120'),(122,'James Wilson',NULL,'5',NULL,'SEC','HL','120'),(123,'Blake Garcia',NULL,'14',NULL,'SEC','LJ','120'),(124,'Brandon Thompson',NULL,'20',NULL,'SEC','FJ','120'),(125,'Brandon Anderson',NULL,'18',NULL,'SEC','SJ','120'),(126,'Cole Jackson',NULL,'3',NULL,'SEC','BJ','120'),(127,'Daniel Tran',NULL,'20',NULL,'SEC','R',''),(128,'Kyle Lewis',NULL,'3',NULL,'SEC','U','127'),(129,'Blake Harris',NULL,'9',NULL,'SEC','HL','127'),(130,'Logan Douglas',NULL,'5',NULL,'SEC','LJ','127'),(131,'Samuel Hill',NULL,'7',NULL,'SEC','FJ','127'),(132,'Brian Miller',NULL,'1',NULL,'SEC','SJ','127'),(133,'Logan Edwards',NULL,'15',NULL,'SEC','BJ','127'),(134,'Ryan Garcia',NULL,'14',NULL,'SEC','R',''),(135,'Logan Boyd',NULL,'6',NULL,'SEC','U','134'),(136,'Luke McAllister',NULL,'17',NULL,'SEC','HL','134'),(137,'Aaron Thompson',NULL,'6',NULL,'SEC','LJ','134'),(138,'David Edwards',NULL,'3',NULL,'SEC','FJ','134'),(139,'Marcus Tran',NULL,'18',NULL,'SEC','SJ','134'),(140,'Sean McAllister',NULL,'17',NULL,'SEC','BJ','134'),(141,'Tyler Thompson',NULL,'10',NULL,'SEC','R',''),(142,'Christopher Clark',NULL,'13',NULL,'SEC','U','141'),(143,'Blake Lewis',NULL,'16',NULL,'SEC','HL','141'),(144,'Tyler Boyd',NULL,'17',NULL,'SEC','LJ','141'),(145,'Aaron Whitaker',NULL,'6',NULL,'SEC','FJ','141'),(146,'Owen Martin',NULL,'20',NULL,'SEC','SJ','141'),(147,'Matthew Harris',NULL,'2',NULL,'SEC','BJ','141');
/*!40000 ALTER TABLE `Referee` ENABLE KEYS */;
UNLOCK TABLES;

--
-- Table structure for table `games`
--

DROP TABLE IF EXISTS `games`;
/*!40101 SET @saved_cs_client     = @@character_set_client */;
/*!50503 SET character_set_client = utf8mb4 */;
CREATE TABLE `games` (
  `idgames` int NOT NULL,
  `seasonid` int DEFAULT NULL,
  `stadiumid` int DEFAULT NULL,
  `headrefid` int DEFAULT NULL,
  `date` date DEFAULT NULL,
  `starttime` time DEFAULT NULL,
  `weather` varchar(45) DEFAULT NULL,
  `homerank` varchar(45) DEFAULT NULL,
  `awayrank` varchar(45) DEFAULT NULL,
  `attendance` int DEFAULT NULL,
  `totalhome` int DEFAULT NULL,
  `totalaway` int DEFAULT NULL,
  PRIMARY KEY (`idgames`)
) ENGINE=InnoDB DEFAULT CHARSET=utf8mb3;
/*!40101 SET character_set_client = @saved_cs_client */;

--
-- Dumping data for table `games`
--

LOCK TABLES `games` WRITE;
/*!40000 ALTER TABLE `games` DISABLE KEYS */;
INSERT INTO `games` VALUES (1,1,18,1,'2024-08-29','18:30:00','Clear','','',40127,70,0),(2,1,14,8,'2024-08-29','19:00:00','Clear','11','',62621,51,0),(3,1,8,15,'2024-08-30','18:00:00','Clear','16','',83329,51,3),(4,1,17,22,'2024-08-31','12:00:00','sunny','1','14',78827,34,3),(5,1,2,29,'2024-08-31','12:45:00','sunny','15','',101915,69,3),(6,1,3,36,'2024-08-31','18:00:00','Sunny','5','',100077,63,0),(7,1,4,43,'2024-08-31','18:30:00','Sunny','','',88043,73,3),(8,1,5,50,'2024-08-31','15:30:00','Hot','','19',90544,17,41),(9,1,6,57,'2024-08-31','18:30:00','Clear','20','7',107315,13,23),(10,1,9,64,'2024-08-31','19:45:00','Clear','','',61627,31,0),(11,1,11,71,'2024-08-31','17:00:00','Sunny','','',48724,56,7),(12,1,12,78,'2024-08-31','18:00:00','Clear','6','',66105,76,0),(13,1,15,85,'2024-08-31','16:15:00','Clear','','',78496,23,19),(14,1,16,92,'2024-08-31','14:30:00','Hot','4','',99171,52,0),(15,1,13,99,'2024-08-31','11:00:00','Clear','','',28934,34,27),(16,1,17,106,'2024-09-01','18:30:00','Clear','13','23',63969,20,27),(17,1,1,113,'2024-09-07','14:00:00','Sunny','1','',93033,48,3),(18,1,17,120,'2024-09-07','19:30:00','Clear','24','14',72730,10,51),(19,1,3,127,'2024-09-07','18:00:00','Clear','4','',100077,42,16),(20,1,4,134,'2024-09-07','14:30:00','Cloudy','','',88043,14,21),(21,1,5,141,'2024-09-07','19:00:00','Clear','','',89295,45,7),(22,1,7,1,'2024-09-07','18:30:00','Humid','18','',100242,44,21),(23,1,6,8,'2024-09-07','11:45:00','Sunny','','',92345,52,10),(24,1,9,15,'2024-09-07','15:30:00','Cloudy','','',61349,6,31),(25,1,17,22,'2024-09-07','11:00:00','Cloudy','','16',52202,31,39),(26,1,17,29,'2024-09-07','21:30:00','Hot','','',45504,23,30),(27,1,12,36,'2024-09-07','15:15:00','Sunny','6','',66427,52,3),(28,1,13,43,'2024-09-07','18:30:00','Sunny','','',24080,55,0),(29,1,14,50,'2024-09-07','18:00:00','Clear','9','',62621,38,0),(30,1,16,57,'2024-09-07','11:00:00','Cloudy','3','10',111170,31,12),(31,1,8,64,'2024-09-07','18:45:00','Cloudy','15','',83653,16,12),(32,1,9,71,'2024-09-14','19:30:00','Sunny','','1',61663,12,13),(33,1,2,78,'2024-09-14','19:45:00','Overcast','7','',101915,71,0),(34,1,18,85,'2024-09-14','11:00:00','Cloudy','4','',76323,42,10),(35,1,4,92,'2024-09-14','18:30:00','Clear','','',88043,45,19),(36,1,5,99,'2024-09-14','15:30:00','Cloudy','','',89993,20,33),(37,1,15,106,'2024-09-14','11:00:00','Sunny','16','',79531,36,33),(38,1,10,113,'2024-09-14','15:15:00','Sunny','','',75021,37,27),(39,1,11,120,'2024-09-14','18:30:00','Clear','','',47412,17,41),(40,1,18,127,'2024-09-14','17:30:00','Cloudy','5','',32849,40,6),(41,1,18,134,'2024-09-14','18:00:00','Cloudy','','',14413,32,36),(42,1,14,141,'2024-09-14','11:45:00','Cloudy','6','24',62621,27,21),(43,1,16,1,'2024-09-14','18:00:00','Clear','2','',101892,56,7),(44,1,8,8,'2024-09-14','14:30:00','Clear','15','',83325,34,19),(45,1,8,15,'2024-09-21','19:30:00','Humid','15','6',84701,15,25),(46,1,4,22,'2024-09-21','14:30:00','Overcast','','',88043,14,24),(47,1,11,29,'2024-09-21','12:00:00','Sunny','','',49655,45,28),(48,1,7,36,'2024-09-21','14:30:00','Cloudy','16','',100315,34,17),(49,1,6,43,'2024-09-21','18:30:00','Humid','25','',99523,26,20),(50,1,9,50,'2024-09-21','12:45:00','Sunny','','',61783,41,6),(51,1,12,57,'2024-09-21','18:45:00','Clear','5','',67505,52,13),(52,1,14,64,'2024-09-21','15:15:00','Clear','','7',62621,27,30),(53,1,15,71,'2024-09-21','19:30:00','Clear','','',78704,50,7),(54,1,16,78,'2024-09-21','19:00:00','Clear','1','',102850,51,3),(55,1,3,85,'2024-09-28','19:30:00','Overcast','4','2',100077,41,31),(56,1,4,92,'2024-09-28','14:30:00','Sunny','','21',88043,21,27),(57,1,7,99,'2024-09-28','18:45:00','Clear','14','',102143,42,10),(58,1,17,106,'2024-09-28','14:30:00','Clear','24','',60928,21,17),(59,1,12,113,'2024-09-28','12:00:00','Cloudy','','6',67616,20,17),(60,1,16,120,'2024-09-28','15:15:00','Clear','','1',101388,13,35),(61,1,1,127,'2024-10-05','15:30:00','Sunny','5','',93033,31,13),(62,1,10,134,'2024-10-05','19:30:00','Humid','','4',75573,19,14),(63,1,13,141,'2024-10-05','15:15:00','Overcast','1','',28934,35,40),(64,1,5,1,'2024-10-05','19:45:00','Clear','','',90369,24,13),(65,1,6,8,'2024-10-05','11:00:00','Cloudy','25','9',97049,41,10),(66,1,15,15,'2024-10-05','14:30:00','Cloudy','12','',79837,27,3),(67,1,15,22,'2024-10-05','15:30:00','Cloudy','','12',79837,3,27),(68,1,1,29,'2024-10-12','16:15:00','Sunny','5','',93033,41,31),(69,1,2,36,'2024-10-12','19:00:00','Clear','8','',101915,23,17),(70,1,2,43,'2024-10-12','11:00:00','Sunny','7','',100077,27,25),(71,1,7,50,'2024-10-12','18:30:00','Overcast','13','9',102212,29,26),(72,1,9,57,'2024-10-12','19:45:00','Overcast','','',62120,13,20),(73,1,18,64,'2024-10-12','11:00:00','Cool','21','',16102,45,3),(74,1,17,71,'2024-10-12','14:30:00','Sunny','18','1',92100,3,34),(75,1,16,78,'2024-10-19','19:30:00','Sunny','1','5',105215,15,30),(76,1,2,85,'2024-10-19','15:30:00','Sunny','11','7',101915,24,17),(77,1,14,92,'2024-10-19','11:00:00','Cool','','19',62621,17,21),(78,1,5,99,'2024-10-19','19:45:00','Cool','','',89906,48,20),(79,1,10,106,'2024-10-19','18:00:00','Cool','8','',75893,34,10),(80,1,11,113,'2024-10-19','15:15:00','Overcast','14','',50127,34,24),(81,1,13,120,'2024-10-19','18:00:00','Clear','','',27884,24,14),(82,1,8,127,'2024-10-19','12:45:00','Clear','','',83331,35,9),(83,1,2,134,'2024-10-26','14:30:00','Clear','15','21',100077,34,0),(84,1,9,141,'2024-10-26','18:45:00','Clear','','',60605,24,10),(85,1,6,1,'2024-10-26','18:30:00','Clear','8','14',108852,23,38),(86,1,11,8,'2024-10-26','11:45:00','Cloudy','','',49303,58,25),(87,1,13,15,'2024-10-26','15:15:00','Overcast','25','5',28934,24,27),(88,1,17,22,'2024-11-02','15:30:00','Sunny','2','',76307,20,34),(89,1,2,29,'2024-11-02','19:45:00','Sunny','7','',101915,28,18),(90,1,4,36,'2024-11-02','11:45:00','Cloudy','','',88043,7,17),(91,1,15,43,'2024-11-02','18:30:00','Cloudy','10','',80298,20,44),(92,1,10,50,'2024-11-02','11:00:00','Cloudy','','19',72894,31,63),(93,1,11,57,'2024-11-02','15:15:00','Clear','','',48617,45,20),(94,1,8,64,'2024-11-02','11:00:00','Clear','','',82831,59,14),(95,1,12,71,'2024-11-09','15:30:00','Sunny','3','16',68126,28,10),(96,1,2,78,'2024-11-09','19:00:00','Overcast','7','',101915,33,14),(97,1,7,85,'2024-11-09','18:30:00','Humid','11','15',102283,42,13),(98,1,16,92,'2024-11-09','12:00:00','Hot','','5',103375,17,49),(99,1,13,99,'2024-11-09','15:15:00','Clear','','',28934,7,28),(100,1,14,106,'2024-11-09','18:45:00','Cool','24','',62621,30,23),(101,1,1,113,'2024-11-16','19:30:00','Sunny','12','7',93033,31,17),(102,1,3,120,'2024-11-16','13:00:00','Clear','10','7',100077,52,7),(103,1,4,127,'2024-11-16','11:45:00','Sunny','','',88043,48,14),(104,1,5,134,'2024-11-16','15:30:00','Clear','','22',90067,27,16),(105,1,6,141,'2024-11-16','18:45:00','Clear','15','',105815,38,3),(106,1,9,1,'2024-11-16','13:30:00','Clear','','',48370,48,6),(107,1,10,8,'2024-11-16','11:00:00','Clear','','3',74929,10,20),(108,1,15,15,'2024-11-16','15:15:00','Cloudy','23','21',79361,30,34),(109,1,1,22,'2024-11-23','12:45:00','Sunny','10','',93033,59,21),(110,1,2,29,'2024-11-23','13:00:00','Sunny','11','',101915,56,0),(111,1,8,36,'2024-11-23','18:30:00','Windy','7','',84053,3,24),(112,1,4,43,'2024-11-23','18:30:00','Clear','','15',88043,43,41),(113,1,5,50,'2024-11-23','12:00:00','Cloudy','','9',89942,24,17),(114,1,7,57,'2024-11-23','18:45:00','Cloudy','','',102086,24,17),(115,1,16,64,'2024-11-23','15:30:00','Clear','','3',102811,14,31),(116,1,10,71,'2024-11-23','15:00:00','Clear','','',66021,35,14),(117,1,11,78,'2024-11-23','15:15:00','Cloudy','','23',47824,20,39),(118,1,15,85,'2024-11-23','16:00:00','Sunny','18','',79078,56,12),(119,1,1,92,'2024-11-29','19:30:00','Sunny','7','',93033,44,42),(120,1,12,99,'2024-11-29','14:30:00','Cloudy','','14',67896,14,26),(121,1,13,106,'2024-11-30','12:00:00','Overcast','8','',28934,23,36),(122,1,3,113,'2024-11-30','14:30:00','Cloudy','13','',100077,28,14),(123,1,18,120,'2024-11-30','19:00:00','Clear','','',55107,31,11),(124,1,7,127,'2024-11-30','18:00:00','Humid','','',99364,37,17),(125,1,6,134,'2024-11-30','18:30:00','Clear','20','3',109028,7,17),(126,1,9,141,'2024-11-30','12:00:00','Cloudy','','',58612,14,41),(127,1,14,1,'2024-11-30','14:30:00','Cloudy','','21',62621,21,28),(128,1,14,8,'2024-11-30','12:00:00','Cloudy','15','12',81500,17,14),(129,1,17,15,'2024-12-07','16:00:00','Sunny','2','5',74916,19,22),(130,1,17,22,'2024-12-20','15:30:00','Sunny','','',41472,33,8),(131,1,18,29,'2024-12-21','20:00:00','Snow','6','8',102819,42,17),(132,1,16,36,'2024-12-21','15:00:00','Clear','3','16',101150,38,24),(133,1,17,43,'2024-12-27','21:30:00','Clear','','',26671,31,35),(134,1,17,50,'2024-12-27','18:00:00','Clear','','',37764,39,26),(135,1,18,57,'2024-12-27','14:30:00','Clear','','',33840,35,27),(136,1,18,64,'2024-12-27','11:00:00','Clear','','',50754,20,21),(137,1,17,71,'2024-12-30','13:30:00','Cloudy','19','',43375,27,24),(138,1,17,78,'2024-12-31','11:00:00','Sunny','11','',51439,13,19),(139,1,17,85,'2024-12-31','14:30:00','Clear','','',59940,44,31),(140,1,17,92,'2024-12-31','15:00:00','Clear','15','20',47129,17,21),(141,1,17,99,'2025-01-01','12:00:00','Cloudy','3','12',71105,39,31),(142,1,17,106,'2025-01-02','16:00:00','Snow','','2',57267,10,23),(143,1,17,113,'2025-01-02','19:00:00','Clear','14','',31290,52,20),(144,1,17,120,'2025-01-10','18:30:00','Clear','3','6',74527,14,28);
/*!40000 ALTER TABLE `games` ENABLE KEYS */;
UNLOCK TABLES;

--
-- Table structure for table `player_stats`
--

DROP TABLE IF EXISTS `player_stats`;
/*!40101 SET @saved_cs_client     = @@character_set_client */;
/*!50503 SET character_set_client = utf8mb4 */;
CREATE TABLE `player_stats` (
  `Game_idGame` int DEFAULT NULL,
  `Players_idplayers` int DEFAULT NULL,
  `Touchdowns` int DEFAULT NULL,
  `Yards` int DEFAULT NULL,
  `Completions` int DEFAULT NULL,
  `Interceptions` int DEFAULT NULL,
  `Tackles` int DEFAULT NULL
) ENGINE=InnoDB DEFAULT CHARSET=utf8mb3;
/*!40101 SET character_set_client = @saved_cs_client */;

--
-- Dumping data for table `player_stats`
--

LOCK TABLES `player_stats` WRITE;
/*!40000 ALTER TABLE `player_stats` DISABLE KEYS */;
INSERT INTO `player_stats` VALUES (1,1027,1,33,0,2,4),(2,1251,3,347,12,2,0),(3,887,1,11,0,1,11),(4,17,4,279,29,0,0),(5,169,0,12,0,0,6),(6,312,1,26,0,0,12),(7,389,1,22,0,0,8),(8,514,1,25,0,1,8),(9,767,1,10,0,2,12),(10,977,0,32,0,0,12),(11,1089,0,18,0,0,10),(12,1170,0,24,0,2,5),(13,1299,1,256,27,1,0),(14,1383,0,2,0,1,10),(15,1182,1,232,20,0,0),(16,629,0,20,0,0,8),(17,22,4,335,14,1,0),(19,276,1,3,0,0,11),(20,408,0,9,0,2,8),(21,556,1,33,0,2,10),(22,635,1,19,0,2,8),(23,797,0,31,0,2,9),(24,966,1,39,0,1,7),(27,1166,1,1,0,1,10),(28,1193,1,378,15,2,0),(29,1251,2,255,25,0,0),(30,1388,1,21,0,1,6),(31,882,1,30,0,2,9),(32,902,0,23,0,2,6),(33,972,0,28,0,0,9),(35,422,1,21,0,2,11),(36,532,0,26,0,2,11),(37,1299,4,234,29,2,0),(38,1025,1,12,0,2,7),(39,1087,1,19,0,2,12),(40,1175,1,12,0,0,10),(42,1251,3,161,31,1,0),(43,1392,0,8,0,0,12),(44,928,0,24,0,1,6),(45,881,1,28,0,0,6),(46,390,1,25,0,0,6),(47,1082,1,30,0,0,11),(48,648,1,35,0,2,4),(49,796,0,18,0,0,10),(50,979,1,16,0,1,5),(51,1172,1,5,0,2,10),(52,1252,4,192,20,0,0),(53,1300,4,285,21,0,0),(54,1386,0,4,0,0,4),(55,323,0,20,0,1,8),(56,438,1,10,0,2,9),(57,636,1,26,0,1,5),(58,792,0,21,0,1,7),(59,981,0,17,0,0,9),(60,1082,1,1,0,1,7),(61,10,4,261,13,0,0),(62,1022,1,40,0,0,5),(63,1182,1,347,27,0,0),(64,543,0,7,0,1,7),(65,773,1,14,0,0,10),(66,1163,0,39,0,2,4),(67,1300,1,257,14,0,0),(68,12,1,248,29,0,0),(69,140,0,38,0,2,10),(70,280,1,2,0,2,9),(71,651,1,31,0,1,5),(72,977,0,3,0,1,4),(73,1258,1,231,15,0,0),(74,902,0,28,0,0,9),(75,1382,1,3,0,2,10),(76,157,0,27,0,2,10),(1,1027,1,33,0,2,4),(1,991,4,215,15,0,0),(2,1251,3,347,12,2,0),(3,887,1,11,0,1,11),(3,817,0,315,21,1,0),(4,17,4,279,29,0,0),(5,169,0,12,0,0,6),(5,81,1,395,19,1,0),(6,312,1,26,0,0,12),(6,193,3,392,17,0,0),(6,202,1,106,0,0,0),(7,389,1,22,0,0,8),(7,331,0,177,27,2,0),(7,338,0,155,0,0,0),(8,514,1,25,0,1,8),(8,447,4,269,25,0,0),(9,767,1,10,0,2,12),(9,713,1,383,28,2,0),(10,977,0,32,0,0,12),(10,938,2,314,18,0,0),(11,1089,0,18,0,0,10),(11,1047,0,250,13,2,0),(11,1053,2,73,0,0,0),(12,1170,0,24,0,2,5),(12,1098,3,275,15,2,0),(13,1299,1,256,27,1,0),(14,1383,0,2,0,1,10),(14,1369,2,358,26,0,0),(15,1182,1,232,20,0,0),(16,629,0,20,0,0,8),(16,585,4,256,19,2,0),(17,22,4,335,14,1,0),(19,276,1,3,0,0,11),(19,195,3,270,12,1,0),(20,408,0,9,0,2,8),(20,330,4,195,22,2,0),(21,556,1,33,0,2,10),(21,444,0,281,12,0,0),(22,635,1,19,0,2,8),(22,585,3,229,19,0,0),(23,797,0,31,0,2,9),(23,705,4,194,31,1,0),(23,711,1,40,0,0,0),(24,966,1,39,0,1,7),(24,939,2,155,24,0,0),(27,1166,1,1,0,1,10),(27,1100,1,252,13,0,0),(28,1193,1,378,15,2,0),(28,1202,1,148,0,0,0),(29,1251,2,255,25,0,0),(29,1247,0,56,0,0,0),(30,1388,1,21,0,1,6),(30,1372,0,385,30,2,0),(30,1365,0,53,0,0,0),(31,882,1,30,0,2,9),(31,818,0,310,19,1,0),(32,902,0,23,0,2,6),(32,817,3,383,24,2,0),(33,972,0,28,0,0,9),(33,936,2,368,31,1,0),(35,422,1,21,0,2,11),(35,328,1,299,22,1,0),(36,532,0,26,0,2,11),(36,442,1,189,21,0,0),(36,456,1,85,0,0,0),(37,1299,4,234,29,2,0),(38,1025,1,12,0,2,7),(38,993,0,283,32,2,0),(39,1087,1,19,0,2,12),(39,1047,0,375,18,0,0),(39,1053,0,120,0,0,0),(40,1175,1,12,0,0,10),(40,1099,2,245,32,0,0),(42,1251,3,161,31,1,0),(43,1392,0,8,0,0,12),(43,1371,3,271,29,0,0),(44,928,0,24,0,1,6),(44,814,1,247,12,1,0),(45,881,1,28,0,0,6),(45,818,0,216,15,2,0),(46,390,1,25,0,0,6),(46,328,2,259,32,0,0),(46,339,0,120,0,0,0),(47,1082,1,30,0,0,11),(47,1047,1,318,22,2,0),(48,648,1,35,0,2,4),(48,585,3,196,14,1,0),(49,796,0,18,0,0,10),(49,699,0,296,13,0,0),(50,979,1,16,0,1,5),(50,936,2,241,25,1,0),(51,1172,1,5,0,2,10),(51,1099,1,333,27,1,0),(52,1252,4,192,20,0,0),(53,1300,4,285,21,0,0),(54,1386,0,4,0,0,4),(54,1371,0,293,22,0,0),(55,323,0,20,0,1,8),(55,198,1,342,14,2,0),(55,1035,1,23,0,1,6),(55,992,4,307,14,0,0),(56,438,1,10,0,2,9),(56,332,2,174,12,1,0),(57,636,1,26,0,1,5),(57,580,1,161,26,1,0),(58,792,0,21,0,1,7),(58,705,2,191,22,1,0),(59,981,0,17,0,0,9),(59,936,0,150,30,1,0),(59,940,1,149,0,0,0),(60,1082,1,1,0,1,7),(60,1048,0,357,12,0,0),(61,10,4,261,13,0,0),(61,32,1,138,0,0,0),(62,1022,1,40,0,0,5),(62,994,0,390,14,2,0),(63,1182,1,347,27,0,0),(63,1188,2,70,0,0,0),(64,543,0,7,0,1,7),(64,446,3,397,17,1,0),(65,773,1,14,0,0,10),(65,701,1,151,32,0,0),(66,1163,0,39,0,2,4),(66,1099,3,156,31,1,0),(67,1300,1,257,14,0,0),(68,12,1,248,29,0,0),(69,140,0,38,0,2,10),(69,79,2,309,19,0,0),(69,91,0,45,0,0,0),(70,280,1,2,0,2,9),(70,196,2,263,17,1,0),(71,651,1,31,0,1,5),(71,584,0,234,16,2,0),(71,599,2,103,0,0,0),(72,977,0,3,0,1,4),(72,938,1,348,15,0,0),(73,1258,1,231,15,0,0),(73,1249,2,74,0,0,0),(74,902,0,28,0,0,9),(74,816,4,257,16,1,0),(75,1382,1,3,0,2,10),(75,1371,1,150,23,1,0),(75,1030,0,36,0,1,6),(75,989,0,315,17,0,0),(76,157,0,27,0,2,10),(76,81,1,377,25,2,0),(76,88,2,160,0,0,0),(77,392,0,23,0,0,4),(77,327,3,238,25,0,0),(78,548,1,2,0,1,10),(78,445,1,332,18,1,0),(78,454,2,43,0,0,0),(79,675,1,32,0,2,10),(79,582,4,271,14,1,0),(79,595,0,150,0,0,0),(80,791,1,10,0,0,10),(80,699,0,243,17,1,0),(81,1193,4,201,28,2,0),(81,1198,1,80,0,0,0),(82,1300,0,281,18,0,0),(83,280,1,3,0,1,6),(83,198,4,286,21,1,0),(84,417,1,10,0,0,6),(84,328,2,235,17,0,0),(85,800,1,25,0,0,5),(85,713,4,230,32,0,0),(85,711,0,118,0,0,0),(86,1029,0,9,0,0,8),(86,990,2,189,20,0,0),(87,1187,1,305,14,1,0),(88,548,1,27,0,2,12),(88,448,3,290,19,1,0),(88,1026,0,29,0,0,9),(88,992,3,229,27,0,0),(89,133,1,20,0,1,10),(89,78,0,376,18,0,0),(89,85,0,143,0,0,0),(90,416,1,5,0,1,9),(90,329,1,371,13,0,0),(91,1299,3,378,27,1,0),(92,1020,1,36,0,2,6),(92,989,3,233,25,0,0),(92,999,0,96,0,0,0),(93,1093,0,25,0,0,5),(93,1049,3,392,25,0,0),(94,904,0,2,0,1,10),(94,816,0,271,29,2,0),(95,1173,0,5,0,0,5),(95,1097,4,203,13,2,0),(95,1034,1,35,0,1,5),(95,994,0,240,25,1,0),(95,995,2,46,0,0,0),(96,143,0,37,0,2,12),(96,81,3,157,31,0,0),(97,626,1,8,0,0,9),(97,584,1,349,20,2,0),(98,1391,0,6,0,2,4),(98,1369,3,356,18,1,0),(99,1179,4,176,18,2,0),(100,1258,0,201,14,1,0),(100,1246,1,112,0,0,0),(101,10,2,325,22,1,0),(101,32,1,64,0,0,0),(102,325,1,18,0,0,4),(102,197,3,244,27,0,0),(102,206,0,132,0,0,0),(103,431,1,19,0,0,12),(103,330,0,161,25,2,0),(104,564,0,8,0,1,4),(104,445,4,283,14,0,0),(105,794,1,6,0,0,4),(105,700,0,269,14,1,0),(106,966,1,37,0,1,7),(106,937,3,251,31,2,0),(107,1024,1,9,0,1,8),(107,990,1,384,19,2,0),(108,1300,0,383,15,0,0),(109,22,3,319,29,1,0),(110,176,1,13,0,0,6),(110,81,4,353,27,2,0),(111,905,1,1,0,0,5),(111,814,2,279,24,2,0),(111,822,1,100,0,0,0),(112,392,0,12,0,0,10),(112,330,4,315,23,1,0),(113,553,1,10,0,2,8),(113,448,3,370,22,2,0),(114,626,0,3,0,1,4),(114,585,4,288,19,2,0),(115,963,0,11,0,0,6),(115,939,3,295,22,1,0),(116,1030,0,19,0,1,9),(116,990,2,344,13,2,0),(117,1094,1,30,0,1,6),(117,1049,2,200,14,1,0),(118,1295,1,297,21,2,0),(119,22,4,198,12,2,0),(120,1089,1,7,0,0,8),(120,1049,1,366,21,0,0),(121,1179,0,214,23,0,0),(121,1188,0,160,0,0,0),(122,319,0,40,0,0,11),(122,198,3,203,13,2,0),(124,628,1,36,0,0,5),(124,580,2,312,26,2,0),(125,759,0,10,0,0,10),(125,701,1,250,27,2,0),(126,979,0,36,0,2,5),(126,937,0,277,27,0,0),(127,1039,1,0,0,0,8),(127,994,2,384,12,2,0),(128,1298,2,279,23,0,0),(129,1390,1,34,0,0,9),(129,1372,2,239,26,1,0),(129,1033,1,9,0,1,12),(129,989,0,232,20,0,0),(130,520,0,22,0,2,5),(130,443,1,330,17,1,0),(130,451,1,87,0,0,0),(132,1385,1,36,0,0,9),(132,1369,3,285,30,1,0),(133,796,0,1,0,0,9),(133,699,0,237,13,2,0),(134,1037,1,3,0,1,9),(134,989,3,156,31,1,0),(135,1189,3,201,19,1,0),(135,1198,1,90,0,0,0),(136,895,1,40,0,1,12),(136,816,2,286,13,0,0),(136,821,0,75,0,0,0),(137,1258,2,394,20,0,0),(138,308,0,17,0,0,8),(138,194,2,260,17,0,0),(138,200,2,53,0,0,0),(139,632,1,3,0,2,11),(139,582,2,275,32,0,0),(140,1296,3,212,25,1,0),(141,1382,1,35,0,1,5),(141,1359,4,288,17,2,0),(142,22,4,386,17,1,0),(143,1174,0,30,0,2,10),(143,1097,2,357,14,1,0),(144,1385,0,8,0,2,6),(144,1359,3,177,26,2,0);
/*!40000 ALTER TABLE `player_stats` ENABLE KEYS */;
UNLOCK TABLES;

--
-- Table structure for table `players`
--

DROP TABLE IF EXISTS `players`;
/*!40101 SET @saved_cs_client     = @@character_set_client */;
/*!50503 SET character_set_client = utf8mb4 */;
CREATE TABLE `players` (
  `idplayers` int NOT NULL,
  `Team_id` int DEFAULT NULL,
  `Fname` varchar(45) DEFAULT NULL,
  `Lname` varchar(45) DEFAULT NULL,
  `JerseyNumber` int DEFAULT NULL,
  `Position` varchar(45) DEFAULT NULL,
  `ClassYear` varchar(45) DEFAULT NULL
) ENGINE=InnoDB DEFAULT CHARSET=utf8mb3;
/*!40101 SET character_set_client = @saved_cs_client */;

--
-- Dumping data for table `players`
--

LOCK TABLES `players` WRITE;
/*!40000 ALTER TABLE `players` DISABLE KEYS */;
INSERT INTO `players` VALUES (1,1,'Roderick','214',23,'0','0'),(2,1,'Trevor','Etienne',0,'0','0'),(3,1,'Nitro','Tuggle',2,'0','11'),(4,1,'3','203',13,'2','0'),(5,580,'2','312',26,'2','0'),(7,759,'0','10',0,'0','10'),(8,1,'1','250',27,'2','0'),(9,1,'0','36',0,'2','5'),(10,1,'Jaden','277',27,'0','0'),(11,1,'Arian','0',0,'0','8'),(12,994,'2','384',12,'2','0'),(13,1298,'2','279',23,'0','0'),(14,1390,'1','34',0,'0','9'),(17,520,'0','22',0,'QB','Fr'),(19,443,'1','330',17,'1','0'),(20,1,'1','87',0,'0','0'),(21,1,'Jaden','36',0,'0','9'),(22,1369,'3','285',30,'1','0'),(23,1,'Sam','Bush',27,'QB','RFr'),(24,1,'Walter','Blanchard',28,'WR','RFr'),(25,1,'Luke','Bennett',29,'WR','RSo'),(26,1,'Gannon','Hearst',19,'1','0'),(27,1,'Wade','Penn',31,'0','0'),(28,1,'Cash','Jones',32,'RB','12'),(29,816,'2','286',13,'0','Fr'),(30,1,'Kavon','Townsend',35,'0','0'),(31,1,'Izayah','Reeves',37,'0','0'),(32,1,'Brandon','Mathis',38,'0','8'),(33,1,'Miles','Thornton',39,'0','0'),(34,1,'David','53',0,'0','0'),(35,1,'Marek','Briley',0,'2','11'),(36,1,'Patrick','Hester',32,'0','RSo'),(37,1,'Patrick','Hester',32,'0','0'),(38,1296,'3','212',25,'1','0'),(39,1,'Will','35',0,'1','5'),(40,1,'Cooper','Johnson',17,'2','0'),(41,22,'4','386',17,'1','0'),(42,1,'Michael','Uini',52,'OL','Fr'),(43,1097,'2','357',53,'OL','RJr'),(44,1,'2','357',14,'1','0'),(46,1359,'3','177',26,'2','0'),(121,1188,'0','Robinson II',0,'RB','So'),(122,319,'0','Etienne',1,'RB','Jr'),(124,628,'1','36',0,'0','5'),(125,759,'0','10',0,'0','So'),(126,979,'0','36',0,'TE','So'),(127,1039,'1','0',10,'QB','RFr'),(128,1298,'2','279',23,'0','Fr'),(129,1390,'1','34',0,'0','Sr'),(130,443,'1','330',17,'1','Fr'),(132,1385,'Branson','Robinson',22,'RB','RSo'),(133,796,'0','1',0,'QB','Jr'),(135,1,'Gannon','Hearst',30,'RB','RSo'),(136,895,'Wade','Penn',31,'RB','Fr'),(137,1258,'Kavon','Townsend',35,'WR','RJr'),(138,308,'Izayah','Reeves',37,'WR','Sr'),(139,632,'David','Lalaian',41,'TE','RFr'),(140,1296,'3','212',45,'RB','RSo'),(141,1382,'1','35',46,'WR','RSo'),(142,22,'4','386',48,'TE','RSo'),(143,1174,'0','Toliver',51,'OL','Fr'),(144,1385,'0','8',0,'2','6'),(1,1,'Roderick','Robinson II',0,'RB','So'),(2,1,'Trevor','Etienne',1,'RB','Jr'),(3,1,'Nitro','Tuggle',2,'WR','Fr'),(4,1,'Nate','Frazier',3,'RB','Fr'),(5,1,'Oscar','Delp',4,'TE','Jr'),(6,1,'Anthony','Evans III',5,'WR','So'),(7,1,'Dominic','Lovett',6,'WR','Sr'),(8,1,'Lawson','Luckie',7,'TE','So'),(9,1,'Colbie','Young',8,'WR','Sr'),(10,1,'Jaden','Rashada',10,'QB','RFr'),(11,1,'Arian','Smith',11,'WR','Sr'),(12,1,'Ryan','Puglisi',12,'QB','Fr'),(13,1,'Michael','Jackson III',13,'WR','Sr'),(14,1,'Gunner','Stockton',14,'QB','RSo'),(15,1,'Carson','Beck',15,'QB','RSr'),(16,1,'London','Humphreys',16,'WR','So'),(17,1,'Colter','Ginn',17,'QB','Fr'),(18,1,'Sacovie','White',18,'WR','Fr'),(19,1,'Dwight','Phillips Jr.',20,'RB','Fr'),(20,1,'Branson','Robinson',22,'RB','RSo'),(21,1,'Jaden','Reddell',23,'TE','Fr'),(22,1,'Collin','Drake',26,'QB','Jr'),(23,1,'Sam','Bush',27,'QB','RFr'),(24,1,'Walter','Blanchard',28,'WR','RFr'),(25,1,'Luke','Bennett',29,'WR','RSo'),(26,1,'Gannon','Hearst',30,'RB','RSo'),(27,1,'Wade','Penn',31,'RB','Fr'),(28,1,'Cash','Jones',32,'RB','RJr'),(29,1,'Chauncey','Bowens',33,'RB','Fr'),(30,1,'Kavon','Townsend',35,'WR','RJr'),(31,1,'Izayah','Reeves',37,'WR','Sr'),(32,1,'Brandon','Mathis',38,'RB','RSo'),(33,1,'Miles','Thornton',39,'WR','RSo'),(34,1,'David','Lalaian',41,'TE','RFr'),(35,1,'Marek','Briley',43,'WR','RFr'),(36,1,'Patrick','Hester',44,'TE','RSo'),(37,1,'Jacob','Hardie',45,'RB','RSo'),(38,1,'Danny','Curran',46,'WR','RSo'),(39,1,'Will','Taylor',47,'WR','RFr'),(40,1,'Cooper','Johnson',48,'TE','RSo'),(41,1,'Malachi','Toliver',51,'OL','Fr'),(42,1,'Michael','Uini',52,'OL','Fr'),(43,1,'Dylan','Fairchild',53,'OL','RJr'),(44,1,'Jared','Wilson',55,'OL','RJr'),(45,1,'Micah','Morris',56,'OL','RJr'),(46,1,'Monroe','Freeling',57,'OL','So'),(47,1,'Marques','Easley',58,'OL','Fr'),(48,1,'Bo','Hughley',59,'OL','RFr'),(49,1,'Henry','Peagler',60,'OL','RFr'),(50,1,'Nic','Reeves',61,'OL','Fr'),(51,1,'Jahzare','Jackson',64,'OL','Fr'),(52,1,'Tate','Ratledge',69,'OL','Sr'),(53,1,'Daniel','Calhoun',70,'OL','Fr'),(54,1,'Earnest','Greene III',71,'OL','RSo'),(55,1,'Jamal','Meriweather',72,'OL','RFr'),(56,1,'Xavier','Truss',73,'OL','RSr'),(57,1,'Drew','Bobo',74,'OL','RSo'),(58,1,'Tate','Nelms',75,'OL','Fr'),(59,1,'Marcus','Harrison',76,'OL','Fr'),(60,1,'Nyier','Daniels',79,'OL','Fr'),(61,1,'Brandon','Moody',80,'WR','Jr'),(62,1,'Jeremy','Bell',81,'WR','Fr'),(63,1,'Colton','Heinrich',82,'TE','Fr'),(64,1,'Logan','Johnson',82,'WR','Jr'),(65,1,'Cole','Speer',83,'WR','Jr'),(66,1,'Ben','Yurosek',84,'TE','GS'),(67,1,'Dillon','Bell',86,'WR','Jr'),(68,1,'Jordan','White',87,'TE','Fr'),(69,1,'Henry','Delp',89,'TE','Fr'),(70,2,'Ethan','Davis',0,'TE','Fr'),(71,2,'Dont’e','Thornton Jr.',1,'WR','Sr'),(72,2,'Squirrel','White',3,'WR','Jr'),(73,2,'Bru','McCoy',5,'WR','Sr'),(74,2,'Dylan','Sampson',6,'RB','Jr'),(75,2,'Nico','Iamaleava',8,'QB','Fr'),(76,2,'Mike','Matthews',10,'WR','Fr'),(77,2,'Chas','Nimrod',11,'WR','So'),(78,2,'Jake','Merklinger',12,'QB','Fr'),(79,2,'Gaston','Moore',13,'QB','Sr'),(80,2,'Braylon','Staley',14,'WR','Fr'),(81,2,'Ryan','Damron',15,'QB','Fr'),(82,2,'Chris','Brazzell II',17,'WR','So'),(83,2,'DeSean','Bishop',18,'RB','Fr'),(84,2,'Holden','Staes',19,'TE','Jr'),(85,2,'Khalifa','Keith',20,'RB','So'),(86,2,'Navy','Shuler',21,'QB','Sr'),(87,2,'Cameron','Seldon',23,'RB','So'),(88,2,'Hunter','Barnes',24,'RB','So'),(89,2,'Carson','Whitehead',26,'WR','So'),(90,2,'Peyton','Lewis',27,'RB','Fr'),(91,2,'Patrick','Wilk',28,'RB','Jr'),(92,2,'Jack-Henry','Jakobik',29,'WR','Fr'),(93,2,'Tommy','Winton III',30,'WR','So'),(94,2,'Jackson','Locke',31,'WR','Jr'),(95,2,'Nathan','Roberts',36,'WR','Fr'),(96,2,'Malcolm','Kinzer',39,'WR','Fr'),(97,2,'Braylon','Harmon',42,'WR','Fr'),(98,2,'Luke','Shouse',44,'TE','Sr'),(99,2,'William','Satterwhite',50,'OL','Fr'),(100,2,'Lance','Heard',53,'OL','So'),(101,2,'Vysen','Lang',54,'OL','Fr'),(102,2,'Masai','Reddick',59,'OL','So'),(103,2,'Jeremias','Heard',60,'OL','Fr'),(104,2,'Cooper','Mays',63,'OL','Sr'),(105,2,'Ayden','Bussell',64,'OL','Fr'),(106,2,'Trevor','Duncan',65,'OL','Fr'),(107,2,'Dayne','Davis',66,'OL','Sr'),(108,2,'Bennett','Warren',68,'OL','Fr'),(109,2,'Gus','Hill',69,'OL','So'),(110,2,'Andrej','Karic',70,'OL','Sr'),(111,2,'Max','Anderson',71,'OL','Fr'),(112,2,'Jesse','Perry',72,'OL','Fr'),(113,2,'Brian','Grant',73,'OL','So'),(114,2,'John','Campbell Jr.',74,'OL','Sr'),(115,2,'Jackson','Lampley',75,'OL','Sr'),(116,2,'Javontez','Spraggins',76,'OL','Sr'),(117,2,'Larry','Johnson III',77,'OL','So'),(118,2,'Gage','Ginther',78,'OL','Fr'),(119,2,'Shamurad','Umarov',79,'OL','Fr'),(120,2,'Nate','Spillman',80,'WR','Fr'),(121,2,'Dayton','Sneed',82,'WR','Fr'),(122,2,'Trey','Weary',83,'WR','So'),(123,2,'Kaleb','Webb',84,'WR','So'),(124,2,'Nathan','Leacock',85,'WR','Fr'),(125,2,'Cole','Harrison',86,'TE','Fr'),(126,2,'Miles','Kitselman',87,'TE','Sr'),(127,2,'Charlie','Browder',88,'TE','Jr'),(128,2,'Titus','Rohrer',89,'TE','So'),(129,2,'William','Wright',0,'DB','Sr'),(130,2,'Rickey','Gibson III',1,'DB','So'),(131,2,'Andre','Turrentine',2,'DB','Jr'),(132,2,'Jermod','McCoy',3,'DB','So'),(133,2,'Jourdan','Thomas',4,'DB','Jr'),(134,2,'Christian','Harrison',5,'DB','Jr'),(135,2,'Jalen','McMurray',6,'DB','Jr'),(136,2,'Arion','Carter',7,'LB','So'),(137,2,'Kalib','Perry',8,'LB','Jr'),(138,2,'Jakobe','Thomas',9,'DB','Jr'),(139,2,'Elijah','Simmons',10,'DL','Sr'),(140,2,'Keenan','Pili',11,'LB','Sr'),(141,2,'John','Slaughter',12,'DB','So'),(142,2,'Edwin','Spillman',13,'LB','Fr'),(143,2,'Christian','Charles',14,'DB','Jr'),(144,2,'Edrees','Farooq',15,'DB','Fr'),(145,2,'Tyree','Weathersby',18,'DL','Fr'),(146,2,'Joshua','Josephs',19,'DL','Jr'),(147,2,'Bryson','Eason',20,'DL','Sr'),(148,2,'Omari','Thomas',21,'DL','Sr'),(149,2,'Jeremiah','Telander',22,'LB','So'),(150,2,'Boo','Carter',23,'DB','Fr'),(151,2,'Jordan','Matthews',24,'DB','Fr'),(152,2,'Kaleb','Beasley',25,'DB','Fr'),(153,2,'James','Pearce Jr.',27,'DE','Jr'),(154,2,'Marcus','Goree Jr.',28,'DB','Fr'),(155,2,'Jordan','Ross',29,'DL','Fr'),(156,2,'Jamal','Wallace',30,'DL','Jr'),(157,2,'Caleb','Herring',31,'DL','So'),(158,2,'Ben','Bolton',33,'LB','So'),(159,2,'Will','Brooks',35,'DB','Sr'),(160,2,'Montrell','Bandy',37,'DB','Jr'),(161,2,'Andre','Stewart',38,'DB','So'),(162,2,'Jalen','Smith',39,'LB','Fr'),(163,2,'Colin','Brazzell',40,'LB','Fr'),(164,2,'Tyre','West',42,'DL','Jr'),(165,2,'Jackson','Mathews',43,'DB','Fr'),(166,2,'Steele','Katina',44,'DB','Fr'),(167,2,'Cody','Duncan',46,'LB','Jr'),(168,2,'Ryan','Scott',50,'LB','Fr'),(169,2,'Jaxson','Moi',51,'DL','Jr'),(170,2,'Eli','Purcell',52,'LB','Sr'),(171,2,'Daevin','Hobbs',53,'DL','So'),(172,2,'Jordan','Burns',54,'LB','Fr'),(173,2,'Omarr','Norman-Lott',55,'DL','Sr'),(174,2,'Kellen','Lindstrom',56,'DL','Fr'),(175,2,'Grier','Short',57,'LB','Fr'),(176,2,'Herb','Gray',58,'DL','Fr'),(177,2,'Tim','Amet',59,'DL','Jr'),(178,2,'Joshua','Helsdon',87,'DL','So'),(179,2,'Mike','Bethea',89,'DL','Jr'),(180,2,'Dominic','Bailey',90,'DL','Sr'),(181,2,'Nathan','Robinson',94,'DL','Fr'),(182,2,'Carson','Gentle',95,'DL','Fr'),(183,2,'Isaiah','Inge',96,'DL','Fr'),(184,2,'Jayson','Jenkins',97,'DL','So'),(185,2,'Emmanuel','Okoye',98,'DL','Fr'),(186,2,'JT','Carver',41,'PK','Jr'),(187,2,'Matthew','Salansky',47,'LS','Sr'),(188,2,'Bennett','Brady',48,'LS','So'),(189,2,'Marshall','Box',58,'LS','Fr'),(190,2,'Max','Gilbert',90,'PK','Fr'),(191,2,'Josh','Turbyville',94,'P/PK','So'),(192,2,'Jackson','Ross',98,'P','So'),(193,3,'Jalen','Milroe',4,'QB','RJr'),(194,3,'Austin','Mack',10,'QB','RFr'),(195,3,'Dylan','Lonergan',12,'QB','RFr'),(196,3,'Ty','Simpson',15,'QB','RSo'),(197,3,'Cade','Carruth',16,'QB','Jr'),(198,3,'John','Cooper',19,'QB','Fr'),(199,3,'Richard','Young',9,'RB','RFr'),(200,3,'Daniel','Hill',20,'RB','Fr'),(201,3,'Justice','Haynes',22,'RB','So'),(202,3,'Jam','Miller',26,'RB','Jr'),(203,3,'Michael','Lorino III',27,'RB','Jr'),(204,3,'Kevin','Riley',28,'RB','Fr'),(205,3,'Fredrick','Moore',29,'RB','Fr'),(206,3,'JR','Gardner',41,'RB','So'),(207,3,'Kendrick','Law',1,'WR','Jr'),(208,3,'Ryan','Williams',2,'WR','Fr'),(209,3,'Emmanuel','Henderson Jr.',3,'WR','Jr'),(210,3,'Germie','Bernard',5,'WR','Jr'),(211,3,'Kobe','Prentice',6,'WR','Jr'),(212,3,'Rico','Scott',11,'WR','Fr'),(213,3,'Cole','Adams',13,'WR','RFr'),(214,3,'Jalen','Hale',14,'WR','So'),(215,3,'Jaren','Hamilton',16,'WR','RFr'),(216,3,'Amari','Jefferson',17,'WR','Fr'),(217,3,'Caleb','Odom',18,'WR','Fr'),(218,3,'Bubba','Hampton',21,'WR','Fr'),(219,3,'Jay','Loper Jr.',32,'WR','Jr'),(220,3,'Jack','Standeffer',33,'WR','Jr'),(221,3,'Kaleb','Fleming',39,'WR','Jr'),(222,3,'MJ','Chirgwin',42,'WR','Jr'),(223,3,'Miguel','Camboia',82,'WR','So'),(224,3,'Cooper','Mollison',83,'WR','Fr'),(225,3,'Colby','Cruz',84,'WR','Jr'),(226,3,'Colby','McNeal',34,'TE','RJr'),(227,3,'Robbie','Ouzts',45,'TE','Sr'),(228,3,'Peyton','Fox',46,'TE','Jr'),(229,3,'Adam','Thorsland',47,'TE','Sr'),(230,3,'Josh','Cuevas',80,'TE','RJr'),(231,3,'CJ','Dippre',81,'TE','Sr'),(232,3,'Danny','Lewis Jr.',87,'TE','RSo'),(233,3,'Jay','Lindsey',88,'TE','Fr'),(234,3,'Ty','Lockwood',89,'TE','RFr'),(235,3,'Graham','Nicholson',14,'PK','Sr'),(236,3,'Conor','Talty',31,'PK','RFr'),(237,3,'James','Burnip',86,'P','RSr'),(238,3,'Anderson','Green',95,'P','Fr'),(239,3,'Reid','Schuback',97,'PK','Sr'),(240,3,'Tucker','Cornelius',98,'PK','Fr'),(241,3,'Nick','Serpa',99,'P','Jr'),(242,3,'Jay','Williams',45,'LS','Fr'),(243,3,'Kneeland','Hibbett',48,'LS','Sr'),(244,3,'Alex','Rozier',52,'LS','So'),(245,3,'Kade','Wehby',53,'LS','Sr'),(246,3,'Casey','Poe',50,'OL','Fr'),(247,3,'Tyler','Booker',52,'OL','Jr'),(248,3,'Miles','McVay',54,'OL','RFr'),(249,3,'Roq','Montgomery',55,'OL','RFr'),(250,3,'Geno','VanDeMark',56,'OL','RJr'),(251,3,'Elijah','Pritchett',57,'OL','RSo'),(252,3,'Graham','Roten',61,'OL','Sr'),(253,3,'Davis','Peterson',62,'OL','So'),(254,3,'Diego','Camboia',63,'OL','Fr'),(255,3,'Mac','Smith',64,'OL','So'),(256,3,'Naquil','Bertrand',65,'OL','RFr'),(257,3,'Baker','Hickman',66,'OL','So'),(258,3,'Wade','Estess',67,'OL','Fr'),(259,3,'Billy','Roby',68,'OL','So'),(260,3,'Joseph','Ionata',69,'OL','Fr'),(261,3,'William','Sanders',70,'OL','Fr'),(262,3,'Jackson','Howell',71,'OL','Fr'),(263,3,'Parker','Brailsford',72,'OL','RSo'),(264,3,'Olaus','Alinen',73,'OL','RFr'),(265,3,'Kadyn','Proctor',74,'OL','So'),(266,3,'Wilkin','Formby',75,'OL','RFr'),(267,3,'JD','Martin',76,'OL','Fr'),(268,3,'Jaeden','Roberts',77,'OL','RJr'),(269,3,'Jeheim','Oatis',10,'DL','Jr'),(270,3,'Jah-Marien','Latham',20,'DL','RSr'),(271,3,'LT','Overton',22,'DL','Jr'),(272,3,'James','Smith',23,'DL','So'),(273,3,'Hunter','Osborne',33,'DL','RFr'),(274,3,'Damon','Payne Jr.',44,'DL','RJr'),(275,3,'Tim','Smith',50,'DL','GS'),(276,3,'Isaia','Faga',88,'DL','Fr'),(277,3,'Jordan','Renaud',90,'DL','RFr'),(278,3,'Jeremiah','Beaman',92,'DL','Fr'),(279,3,'Edric','Hill',94,'DL','RFr'),(280,3,'Tim','Keenan III',96,'DL','RJr'),(281,3,'Deontae','Lawson',0,'LB','RJr'),(282,3,'Qua','Russaw',4,'LB','RFr'),(283,3,'Jihaad','Campbell',11,'LB','Jr'),(284,3,'Justin','Jefferson',15,'LB','Sr'),(285,3,'Keanu','Koht',19,'LB','RJr'),(286,3,'Noah','Carter',24,'LB','Fr'),(287,3,'Ayden','Moore',29,'LB','Fr'),(288,3,'Cayden','Jones',30,'LB','Fr'),(289,3,'Keon','Keeley',31,'LB','RFr'),(290,3,'Que','Robinson',34,'LB','RSr'),(291,3,'Jeremiah','Alexander',35,'LB','RSo'),(292,3,'QB','Reese',36,'LB','Fr'),(293,3,'Jake','Ivie',39,'LB','So'),(294,3,'Sterling','Dixon',40,'LB','Fr'),(295,3,'Justin','Okoronkwo',41,'LB','Fr'),(296,3,'Yhonzae','Pierre',42,'LB','RFr'),(297,3,'Jayshawn','Ross',43,'LB','Fr'),(298,3,'Noland','Asberry',51,'LB','Jr'),(299,3,'Braylon','Chatman',52,'LB','So'),(300,3,'Vito','Perri',53,'LB','RSo'),(301,3,'JD','Baird',56,'LB','Jr'),(302,3,'Lane','Whisenhunt',85,'LB','So'),(303,3,'Domani','Jackson',1,'DB','RJr'),(304,3,'Zabien','Brown',2,'DB','Fr'),(305,3,'Keon','Sabb',3,'DB','Jr'),(306,3,'King','Mack',5,'DB','So'),(307,3,'Kameron','Howard',6,'DB','Fr'),(308,3,'DaShawn','Jones',7,'DB','RSo'),(309,3,'DeVonta','Smith',8,'DB','RJr'),(310,3,'Jaylen','Mbakwe',9,'DB','Fr'),(311,3,'Zavier','Mincey',12,'DB','Fr'),(312,3,'Malachi','Moore',13,'DB','GS'),(313,3,'Red','Morgan',16,'DB','Fr'),(314,3,'Bray','Hubbard',18,'DB','So'),(315,3,'Dre','Kirkpatrick Jr.',21,'DB','Fr'),(316,3,'Jahlil','Hurley',25,'DB','RFr'),(317,3,'Ryder','Stewart',26,'DB','Fr'),(318,3,'Walter','Sansing',27,'DB','So'),(319,3,'Peyton','Yates',28,'DB','Jr'),(320,3,'Griffin','Hanson',32,'DB','Fr'),(321,3,'Cole','Davis',37,'DB','Fr'),(322,3,'Alijah','May',38,'DB','Sr'),(323,3,'Chase','Davis',46,'DB','Jr'),(324,3,'Kolby','Peavy',47,'DB','So'),(325,3,'Prince','Butler',48,'DB','Jr'),(326,3,'Connor','Warhurst',49,'DB','So'),(327,4,'Payton','Thorne',15,'QB','Sr'),(328,4,'Hank','Brown',14,'QB','Fr'),(329,4,'Walker','White',11,'QB','Fr'),(330,4,'Holden','Geriner',16,'QB','So'),(331,4,'Jackson','Barkley',18,'QB','Jr'),(332,4,'John','Colvin',19,'QB','Fr'),(333,4,'Jarquez','Hunter',27,'RB','Sr'),(334,4,'Damari','Alston',22,'RB','Jr'),(335,4,'Jeremiah','Cobb',21,'RB','So'),(336,4,'Sean','Jackson',23,'RB','Sr'),(337,4,'Justin','Jones',25,'RB','Sr'),(338,4,'Christian','Burnette',29,'RB','Fr'),(339,4,'Brian','Battie',20,'RB','Sr'),(340,4,'Cole','Gamble',30,'RB','Fr'),(341,4,'Malcolm','Simmons',4,'WR','Fr'),(342,4,'Sam','Jackson',5,'WR','Sr'),(343,4,'Keandre','Lambert-Smith',1,'WR','Sr'),(344,4,'Cam','Coleman',3,'WR','Fr'),(345,4,'Robert','Lewis',8,'WR','Jr'),(346,4,'Camden','Brown',9,'WR','Jr'),(347,4,'Perry','Thompson',6,'WR','Fr'),(348,4,'Caleb','Burton',13,'WR','So'),(349,4,'Bryce','Cain',2,'WR','Fr'),(350,4,'Dylan','Gentry',12,'WR','Fr'),(351,4,'Cam\'Ron','King',10,'WR','Fr'),(352,4,'Jake','Kruse',80,'WR','So'),(353,4,'Greg','McConico',81,'WR','Sr'),(354,4,'Colby','Stafford',83,'WR','So'),(355,4,'Will','Upton',84,'WR','Fr'),(356,4,'Rivaldo','Fairweather',85,'TE','Sr'),(357,4,'Luke','Deal',86,'TE','Sr'),(358,4,'Brandon','Frazier',87,'TE','Sr'),(359,4,'Micah','Riley-Ducker',88,'TE','So'),(360,4,'Camden','Etheredge',89,'TE','So'),(361,4,'Grant','Hidalgo',44,'TE','Jr'),(362,4,'Eli','Morton',48,'TE','Fr'),(363,4,'Hunter','Ousley',45,'TE','Fr'),(364,4,'Rico','Walker',47,'TE','So'),(365,4,'DeAndre','Carter',50,'OL','Fr'),(366,4,'Ronan','Chambers',51,'OL','Sr'),(367,4,'Harrison','Clemmer',52,'OL','Fr'),(368,4,'E.J.','Harris',53,'OL','So'),(369,4,'Tate','Johnson',54,'OL','Jr'),(370,4,'Tyler','Johnson',55,'OL','Fr'),(371,4,'Bradyn','Joiner',56,'OL','Fr'),(372,4,'Connor','Lew',57,'OL','So'),(373,4,'Percy','Lewis',58,'OL','Sr'),(374,4,'Izavion','Miller',59,'OL','Sr'),(375,4,'Jaden','Muskrat',60,'OL','Jr'),(376,4,'Dylan','Senda',61,'OL','Fr'),(377,4,'Dillon','Wade',62,'OL','Sr'),(378,4,'Seth','Wilfred',63,'OL','So'),(379,4,'Jeremiah','Wright',64,'OL','Sr'),(380,4,'Isaac','Boulger',65,'OL','Fr'),(381,4,'Favour','Edwin',66,'OL','Fr'),(382,4,'John Henry','Flatt',67,'OL','Fr'),(383,4,'Clay','Wedin',68,'OL','Fr'),(384,4,'Towns','McGough',41,'K','Fr'),(385,4,'Alex','McPherson',42,'K','So'),(386,4,'Ian','Vachon',43,'K','So'),(387,4,'Gabriel','Russo',90,'K','Fr'),(388,4,'Charley','Schwinger',91,'K','So'),(389,4,'Philip','Blidi',92,'DL','Sr'),(390,4,'Malik','Blocton',93,'DL','Fr'),(391,4,'DeAngelo','Carter',94,'DL','Sr'),(392,4,'Joe','Frazier Jr.',95,'DL','So'),(393,4,'Quientrail','Jamison-Travis',96,'DL','Jr'),(394,4,'Jayson','Jones',97,'DL','Sr'),(395,4,'Gage','Keys',98,'DL','Jr'),(396,4,'T.J.','Lindsey',99,'DL','Fr'),(397,4,'Isaiah','Raikes',90,'DL','Sr'),(398,4,'Darron','Reed Jr.',91,'DL','Fr'),(399,4,'Zykeivous','Walker',92,'DL','Jr'),(400,4,'Eugene','Asante',30,'LB','Sr'),(401,4,'D.J.','Barber',31,'LB','Fr'),(402,4,'Fa\'Najae','Gotay',32,'LB','Sr'),(403,4,'Coleman','Granberry',33,'LB','Fr'),(404,4,'Austin','Keys',34,'LB','Sr'),(405,4,'Dorian','Mausi',35,'LB','Sr'),(406,4,'Jalen','McLeod',36,'LB','Sr'),(407,4,'Joe','Phillips',37,'LB','Fr'),(408,4,'Demarcus','Riddick',38,'LB','Fr'),(409,4,'Laquan','Robinson',39,'LB','Jr'),(410,4,'Cade','Carlson',1,'DB','Fr'),(411,4,'Rod','Elston',2,'DB','Jr'),(412,4,'JC','Hart',3,'DB','Fr'),(413,4,'Antonio','Kite',4,'DB','So'),(414,4,'Kensley','Louidor-Faustin',5,'DB','Fr'),(415,4,'Terrance','Love',6,'DB','So'),(416,4,'Jahquez','Robinson',7,'DB','Sr'),(417,4,'Sylvester','Smith',8,'DB','So'),(418,4,'Jerrin','Thompson',9,'DB','Sr'),(419,4,'C.J.','Johnson',10,'DB','Fr'),(420,4,'Oscar','Chapman',99,'P','Sr'),(421,4,'Champ','Anthony',11,'CB','Jr'),(422,4,'Jay','Crawford',12,'CB','Fr'),(423,4,'Keyron','Crawford',13,'DE','Jr'),(424,4,'Keldric','Faulk',14,'DE','So'),(425,4,'Antwon','Fegans',15,'S','Jr'),(426,4,'Kaleb','Harris',16,'S','Fr'),(427,4,'Reed','Hughes',17,'LS','Jr'),(428,4,'A\'mon','Lane-Ganus',18,'S','Fr'),(429,4,'Kayin','Lee',19,'CB','So'),(430,4,'John Martin','Richter',20,'DE','Fr'),(431,4,'Keionte','Scott',21,'CB','Sr'),(432,4,'Griffiin','Speaks',22,'S','Sr'),(433,4,'Paul','Thompson Jr.',23,'S','So'),(434,4,'Caleb','Wooden',24,'S','Jr'),(435,4,'J.R.','Buckner',25,'LS','Fr'),(436,4,'Josh','Cohen',26,'S','Jr'),(437,4,'Keaton','McNutt',27,'LS','Fr'),(438,4,'Grey','Reebals',28,'S','Fr'),(439,4,'Tyler','Scott',29,'CB','Fr'),(440,4,'Jake','White',30,'CB','Fr'),(441,4,'Elias','Williams',31,'S','Jr'),(442,5,'DJ','Lagway',2,'QB','Fr'),(443,5,'Paul','Kessler',12,'QB','Fr'),(444,5,'Graham','Mertz',15,'QB','RSr'),(445,5,'Aidan','Warner',16,'QB','RFr'),(446,5,'Clay','Millen',18,'QB','RJr'),(447,5,'Lawrence','Wright IV',26,'QB','Fr'),(448,5,'Aaron','Williams',28,'QB','Fr'),(449,5,'Montrell','Johnson Jr.',1,'RB','Sr'),(450,5,'Treyaun','Webb',5,'RB','So'),(451,5,'Jadan','Baugh',13,'RB','Fr'),(452,5,'KD','Daniels',21,'RB','Fr'),(453,5,'Ja\'Kobi','Jackson',24,'RB','RJr'),(454,5,'Anthony','Rubio',25,'RB','RFr'),(455,5,'Cam','Carroll',27,'RB','RSr'),(456,5,'Kelvin','Jimenez',34,'RB','Fr'),(457,5,'Ja\'Quavion','Fraziars',0,'WR','Sr'),(458,5,'Eugene','Wilson III',3,'WR','So'),(459,5,'TJ','Abrams',4,'WR','Fr'),(460,5,'Elijhah','Badger',6,'WR','Sr'),(461,5,'Tank','Hawkins',10,'WR','Fr'),(462,5,'Aidan','Mizell',11,'WR','RFr'),(463,5,'Andy','Jean',14,'WR','RFr'),(464,5,'Chimere','Dike',17,'WR','Sr'),(465,5,'Alex','Gonzalez',19,'WR','RSo'),(466,5,'Kahleil','Jackson',22,'WR','RJr'),(467,5,'Taylor','Spierto',30,'WR','RJr'),(468,5,'David','Schmidt',33,'WR','Fr'),(469,5,'DeBraun','Hampton',35,'WR','Fr'),(470,5,'Jaden','Edgecombe',43,'WR','RFr'),(471,5,'Zak','Sedaros',80,'WR','RSo'),(472,5,'Jackson','Wade',83,'WR','RFr'),(473,5,'Brian','Green Jr.',84,'WR','RFr'),(474,5,'Marcus','Burke',88,'WR','RJr'),(475,5,'Amir','Jackson',7,'TE','Fr'),(476,5,'Arlis','Boardingham',8,'TE','RSo'),(477,5,'Keon','Zipperer',9,'TE','RSr'),(478,5,'Dawson','Johnson',81,'TE','Fr'),(479,5,'Caleb','Rillos',82,'TE','Sr'),(480,5,'Scott','Isacks',85,'TE','RSo'),(481,5,'Tony','Livingston',86,'TE','So'),(482,5,'Gavin','Hill',87,'TE','RFr'),(483,5,'Hayden','Hansen',89,'TE','RSo'),(484,5,'Jason','Zandamela',50,'OL','Fr'),(485,5,'Bryce','Lovett',53,'OL','RFr'),(486,5,'Mike','Williams',55,'OL','Fr'),(487,5,'Christian','Williams',56,'OL','RSo'),(488,5,'Devon','Manuel',57,'OL','RJr'),(489,5,'Austin','Barber',58,'OL','RJr'),(490,5,'Hayden','Clem',59,'OL','RJr'),(491,5,'Chase','Stevens',60,'OL','Fr'),(492,5,'Caden','Jones',63,'OL','RFr'),(493,5,'Brandon','Crenshaw-Dickson',65,'OL','RSr'),(494,5,'Jake','Slaughter',66,'OL','RJr'),(495,5,'Fletcher','Westphal',68,'OL','Fr'),(496,5,'Damieon','George Jr.',70,'OL','RJr'),(497,5,'Roderick','Kearney',71,'OL','RFr'),(498,5,'Bryan','Rosenberg',72,'OL','RFr'),(499,5,'Mark','Pitts',73,'OL','RJr'),(500,5,'Noel','Portnjagin',74,'OL','Fr'),(501,5,'Kamryn','Waites',75,'OL','RJr'),(502,5,'Mark','Faircloth',76,'OL','Fr'),(503,5,'Knijeah','Harris',77,'OL','So'),(504,5,'Marcus','Mascoll',78,'OL','Fr'),(505,5,'Enoch','Wangoy',79,'OL','Fr'),(506,5,'Connor','Homa',90,'OL','RFr'),(507,5,'Sharif','Denson',0,'DB','So'),(508,5,'Ja\'Keem','Jackson',2,'DB','So'),(509,5,'Jason','Marshall Jr.',3,'DB','Sr'),(510,5,'Teddy','Foster',4,'DB','Fr'),(511,5,'Trikweze','Bridges',7,'DB','RSr'),(512,5,'DJ','Douglas',12,'DB','RSr'),(513,5,'Aaron','Gates',13,'DB','RFr'),(514,5,'Jordan','Castell',14,'DB','So'),(515,5,'Bryce','Thornton',18,'DB','So'),(516,5,'Asa','Turner',20,'DB','RSr'),(517,5,'Josiah','Davis',23,'DB','Fr'),(518,5,'Cormani','McClain',25,'DB','So'),(519,5,'Jameer','Grimsley',26,'DB','Fr'),(520,5,'Dijon','Johnson',27,'DB','So'),(521,5,'Devin','Moore',28,'DB','Jr'),(522,5,'Gregory','Smith III',30,'DB','Fr'),(523,5,'Cahron','Rackley',32,'DB','RJr'),(524,5,'Javion','Toombs',37,'DB','RSo'),(525,5,'Brayden','Slade',39,'DB','RFr'),(526,5,'Alfonzo','Allen Jr.',43,'DB','Jr'),(527,5,'Ethan','Wilson',46,'DB','RSr'),(528,5,'Myles','Graham',5,'LB','Fr'),(529,5,'Shemar','James',6,'LB','Jr'),(530,5,'Aaron','Chiles',8,'LB','Fr'),(531,5,'Grayson','Howard',10,'LB','So'),(532,5,'Derek','Wingo',15,'LB','Sr'),(533,5,'R.J.','Moten',16,'LB','Sr'),(534,5,'Deuce','Spurlock II',22,'LB','RSo'),(535,5,'Jaden','Robinson',29,'LB','So'),(536,5,'Matthew','Kade',42,'LB','Fr'),(537,5,'Justin','Pelic',47,'LB','RSr'),(538,5,'Jake','Xeller',50,'LB','Fr'),(539,5,'Justus','Boone',1,'DL','RJr'),(540,5,'Ja\'Markis','Weston',9,'DL','RSr'),(541,5,'Kelby','Collins',11,'DL','So'),(542,5,'LJ','McCray',17,'DL','Fr'),(543,5,'T.J.','Searcy',19,'DL','So'),(544,5,'Kamran','James',24,'DL','So'),(545,5,'George','Gumbs Jr.',34,'DL','RJr'),(546,5,'Bryce','Capers',36,'DL','RSo'),(547,5,'Jack','Pyburn',44,'DL','Jr'),(548,5,'Layne','Swafford',45,'DL','RFr'),(549,5,'Quincy','Ivory',48,'DL','RJr'),(550,5,'Charles','Emanuel III',55,'DL','Fr'),(551,5,'Titus','Bullard',59,'DL','Fr'),(552,5,'Tyreik','Norwood',91,'DL','RSr'),(553,5,'Tyreak','Sapp',94,'DL','RJr'),(554,5,'Desmond','Watson',21,'DL','Sr'),(555,5,'Brien','Taylor Jr.',33,'DL','Jr'),(556,5,'D\'Antre','Robinson',35,'DL','Fr'),(557,5,'Nicolas','Flynn',61,'DL','RSo'),(558,5,'Caleb','Banks',88,'DL','RJr'),(559,5,'Sebastian','Scott',92,'DL','RFr'),(560,5,'Michai','Boireau',93,'DL','Fr'),(561,5,'Jamari','Lyons',95,'DL','RSo'),(562,5,'Tarvorise','Brown',96,'DL','RFr'),(563,5,'Joey','Slackman',97,'DL','GS'),(564,5,'Cam','Jackson',99,'DL','Sr'),(565,5,'Trey','Smack',29,'K','Jr'),(566,5,'Ricky','Abood II',31,'K','RJr'),(567,5,'Brandon','Rabasco',40,'K','Fr'),(568,5,'Hunter','Smith',41,'K','RJr'),(569,5,'Jeremy','Crawshaw',26,'P','Sr'),(570,5,'Nicholas','Inglis',38,'P','Fr'),(571,5,'Rocco','Underwood',42,'LS','RJr'),(572,5,'Gannon','B',48,'LS','Fr'),(573,7,'Zavion','Thomas',0,'WR','Jr'),(574,7,'Aaron','Anderson',1,'WR','So'),(575,7,'Kyren','Lacy',2,'WR','Sr'),(576,7,'Chris','Hilton Jr.',3,'WR','Jr'),(577,7,'C.J.','Daniels',4,'WR','GS'),(578,7,'Shelton','Sampson Jr.',6,'WR','Fr'),(579,7,'Ju\'Juan','Johnson',8,'RB','Fr'),(580,7,'Rickie','Collins',10,'QB','Fr'),(581,7,'Kyle','Parker',12,'WR','Fr'),(582,7,'Garrett','Nussmeier',13,'QB','Jr'),(583,7,'Trey\'Dez','Green',14,'TE','Fr'),(584,7,'AJ','Swann',15,'QB','Jr'),(585,7,'Colin','Hurley',16,'QB','Fr'),(586,7,'Jelani','Watkins',17,'WR','Fr'),(587,7,'Josh','Williams',18,'RB','GS'),(588,7,'Javen','Nicholas',19,'WR','So'),(589,7,'Knox','Dyson',21,'QB','Fr'),(590,7,'John','Emery Jr.',22,'RB','GS'),(591,7,'Landon','Ibieta',24,'WR','So'),(592,7,'Trey','Holly',25,'RB','Fr'),(593,7,'Cowinn','Helaire',26,'WR','So'),(594,7,'Kaleb','Jackson',28,'RB','So'),(595,7,'Caden','Durham',29,'RB','Fr'),(596,7,'Malachi','Lane',30,'RB','Jr'),(597,7,'Joseph','Ebun',32,'RB','Fr'),(598,7,'DK','Kency Jr.',33,'RB','Fr'),(599,7,'Ty\'son','Edwards',43,'RB','GS'),(600,7,'GiVanni','Peterson',45,'TE','Jr'),(601,7,'Emery','Jones Jr.',50,'OL','Jr'),(602,7,'Kobe','Roberts',52,'OL','Sr'),(603,7,'Aaron','McDaniel',54,'OL','Sr'),(604,7,'Khayree','Lee Jr.',55,'OL','Fr'),(605,7,'Paul','Mubenga',65,'OL','Fr'),(606,7,'Will','Campbell',66,'OT','Jr'),(607,7,'Miles','Frazier',70,'OL','Sr'),(608,7,'Tyree','Adams',71,'OL','Fr'),(609,7,'Garrett','Dellinger',72,'OL','Sr'),(610,7,'Ethan','Calloway',73,'OT','Fr'),(611,7,'Braden','Augustus',74,'OL','Fr'),(612,7,'Weston','Davis',75,'OT','Fr'),(613,7,'Christian','Stamps',76,'OL','Fr'),(614,7,'Ory','Williams',77,'OT','Fr'),(615,7,'Coen','Echols',78,'OL','Fr'),(616,7,'DJ','Chester',79,'OL','Fr'),(617,7,'Isaiah','Stone',80,'WR','Fr'),(618,7,'Landon','Craig',81,'TE','Fr'),(619,7,'Kylan','Billiot',82,'WR','Fr'),(620,7,'Gabe','Leonards',85,'TE','Jr'),(621,7,'Mason','Taylor',86,'TE','Jr'),(622,7,'Noah','Nash',87,'WR','Jr'),(623,7,'Ka\'Morreun','Pimpton',88,'TE','So'),(624,7,'Bo','Bordelon',89,'OL','So'),(625,7,'Paris','Shand',0,'DE','Sr'),(626,7,'Ashton','Stamps',1,'CB','So'),(627,7,'Jardin','Gilbert',2,'S','Jr'),(628,7,'Sage','Ryan',3,'S','Jr'),(629,7,'Bradyn','Swinson',4,'DE','Sr'),(630,7,'Jordan','Allen',6,'S','So'),(631,7,'Harold','Perkins',7,'LB','Jr'),(632,7,'Major','Burns',8,'S','Sr'),(633,7,'Dashawn','Spears',10,'S','Fr'),(634,7,'PJ','Woodland',11,'CB','Fr'),(635,7,'JK','Johnson',12,'CB','Jr'),(636,7,'Zy','Alexander',14,'CB','Sr'),(637,7,'Da\'Shawn','Womack',15,'DE','So'),(638,7,'Jyaire','Brown',17,'CB','Jr'),(639,7,'Greg','Penn III',18,'LB','Sr'),(640,7,'Gabriel','Reliford',19,'DE','Fr'),(641,7,'Michael','Turner Jr.',21,'CB','Fr'),(642,7,'Joel','Rogers',22,'S','Fr'),(643,7,'Kylin','Jackson',23,'S','Fr'),(644,7,'Javien','Toviano',25,'CB','So'),(645,7,'Quad','Wilson',26,'S','Sr'),(646,7,'Austin','Ausberry',27,'LB','So'),(647,7,'Bernard','Causey III',28,'CB','Fr'),(648,7,'Wallace','Foster IV',29,'CB','Fr'),(649,7,'Xavier','Atkins',30,'LB','Fr'),(650,7,'Jay\'viar','Suggs',31,'DT','GS'),(651,7,'West','Weeks',33,'LB','Sr'),(652,7,'Skip','Velotta',34,'GS','Sr'),(653,7,'Sai\'vion','Jones',35,'DE','Sr'),(654,7,'Craig','Walton Jr.',37,'CB','Fr'),(655,7,'Tyson','Short',39,'S','Fr'),(656,7,'Whit','Weeks',40,'LB','So'),(657,7,'Justin','Echols',41,'CB','Jr'),(658,7,'Davhon','Keys',42,'LB','Fr'),(659,7,'Tylen','Singleton',46,'LB','Fr'),(660,7,'Kolaj','Cobbins',48,'DE','Fr'),(661,7,'Kenzel','Kelly',50,'LB','GS'),(662,7,'Princeton','Malbrue',52,'DE','Jr'),(663,7,'Jake','Ibieta',55,'DE','Fr'),(664,7,'Kimo','Makane\'ole',56,'DT','Jr'),(665,7,'Joey','August',87,'DT','Fr'),(666,7,'Jalen','Thomas',88,'DT','Jr'),(667,7,'CJ','Jackson',89,'DE','Fr'),(668,7,'Jacobian','Guillory',90,'DT','Sr'),(669,7,'Jalen','Lee',92,'DT','Sr'),(670,7,'Ahmad','Breaux',93,'DT','Fr'),(671,7,'Shone','Washington',95,'DT','So'),(672,7,'Dominic','McKinley',96,'DT','Fr'),(673,7,'Dylan','Carpenter',97,'DE','Fr'),(674,7,'De\'Myrion','Johnson',98,'DT','Fr'),(675,7,'Gio','Paez',99,'DT','GS'),(676,7,'Nathan','Dibert',31,'K','Jr'),(677,7,'Aeron','Burrell',32,'K','Fr'),(678,7,'Damian','Ramos',34,'K','Jr'),(679,7,'Aidan','Corbello',36,'K','Fr'),(680,7,'Peyton','Todd',38,'P','Jr'),(681,7,'Slade','Roy',44,'LS','Sr'),(682,7,'Jake','Davis',45,'LS','So'),(683,7,'Badger','Hargett',46,'P','Fr'),(684,7,'Jonathan','Ferguson',49,'LS','Jr'),(685,7,'Blake','Ochsendorf',99,'P','GS'),(686,6,'Izaiah','Williams',0,'WR','Fr'),(687,6,'Jabre','Barber',1,'WR','Sr'),(688,6,'Rueben','Owens',2,'RB','So'),(689,6,'Terry','Bussey',2,'WR','Fr'),(690,6,'Noah','Thomas',3,'WR','Jr'),(691,6,'Micah','Tease',4,'WR','So'),(692,6,'Amari','Daniels',5,'RB','Jr'),(693,6,'Cyrus','Allen',6,'WR','Jr'),(694,6,'Moose','Muhammad III',7,'WR','GS'),(695,6,'Le\'Veon','Moss',8,'RB','Jr'),(696,6,'Jahdae','Walker',9,'WR','Sr'),(697,6,'Marcel','Reed',10,'QB','Fr'),(698,6,'Jacob','Bostick',11,'WR','So'),(699,6,'Jaylen','Henderson',13,'QB','Jr'),(700,6,'Blake','Bost',14,'QB','Sr'),(701,6,'Conner','Weigman',15,'QB','So'),(702,6,'Miles','O\'Neil',16,'QB','Fr'),(703,6,'Theo','Melin Öhrström',17,'TE','So'),(704,6,'Donovan','Green',18,'TE','So'),(705,6,'Paxton','Land',19,'QB','Fr'),(706,6,'Johnny','Ryder',20,'WR','So'),(707,6,'Dallas','Novicke',21,'QB','So'),(708,6,'E.J.','Smith',22,'RB','GS'),(709,6,'Ernest','Campbell',23,'WR','Fr'),(710,6,'Ramarian','Tillman',24,'RB','Fr'),(711,6,'Ronnie','Crosby III',27,'RB','Fr'),(712,6,'Israel','Benjamin',28,'RB','GS'),(713,6,'Dylan','Mayers',29,'QB','Fr'),(714,6,'Preston','Landis',34,'RB','So'),(715,6,'Peyton','Gay',37,'QB','Fr'),(716,6,'Sam','Salz',39,'WR','Sr'),(717,6,'A.J.','DiNota',41,'RB','Jr'),(718,6,'Carter','Braugh',43,'TE','Fr'),(719,6,'Zachary','Clay',43,'TE','Jr'),(720,6,'Isendre','Ahfua',50,'OL','Fr'),(721,6,'Blake','Ivy',52,'OL','Fr'),(722,6,'Mark','Nabou Jr.',54,'OL','So'),(723,6,'Ar\'maj','Reed-Adams',55,'OL','Jr'),(724,6,'Bryce','Barnes',57,'OL','Sr'),(725,6,'William','Huntsinger',58,'OL','Jr'),(726,6,'Ty','Banco',59,'OL','Fr'),(727,6,'Trey','Zuhn III',60,'OL','Jr'),(728,6,'Kolinu\'u','Faaiu',61,'OL','Jr'),(729,6,'Collin','Strittmatter',62,'OL','So'),(730,6,'Chance','Jackson',63,'OL','So'),(731,6,'Samuel','Thornton',64,'OL','Fr'),(732,6,'Hunter','Erb',66,'OL','So'),(733,6,'T.J.','Shanahan',67,'OL','Fr'),(734,6,'Kyle','Garvis',68,'OL','Fr'),(735,6,'Brady','Stephenson',69,'OL','Fr'),(736,6,'Robert','Bourdon',70,'OL','Fr'),(737,6,'Chase','Bisontis',71,'OL','So'),(738,6,'Ashton','Funk',73,'OL','Fr'),(739,6,'Aki','Ogunbiyi',74,'OL','Jr'),(740,6,'Kam','Dewberry',75,'OL','Jr'),(741,6,'Reuben','Fatheree II',76,'OL','Sr'),(742,6,'Dametrious','Crownover',78,'OL','Jr'),(743,6,'Wesley','Watson',80,'WR','Fr'),(744,6,'Luke','Braden',81,'TE','Fr'),(745,6,'Shane','Calhoun',82,'TE','GS'),(746,6,'Andrew','Maleski',83,'WR','So'),(747,6,'Blake','Buntyn',84,'WR','Fr'),(748,6,'Tre','Watson',84,'TE','Sr'),(749,6,'Chase','Burton',85,'WR','Fr'),(750,6,'Jaden','Platt',85,'TE','Fr'),(751,6,'Ryan','Burtin',86,'WR','Fr'),(752,6,'Ashton','Bethel-Roman',87,'WR','Fr'),(753,6,'Jacob','Brasher',87,'WR','So'),(754,6,'Garrett','Miller',88,'TE','GS'),(755,6,'Nathan','Figueroa',89,'TE','So'),(756,6,'Scooby','Williams',0,'LB','Jr'),(757,6,'Bryce','Anderson',1,'DB','Jr'),(758,6,'Marcus','Ratcliffe',3,'DB','So'),(759,6,'Shemar','Stewart',4,'DL','Jr'),(760,6,'Shemar','Turner',5,'DL','Sr'),(761,6,'Enai','White',6,'DL','Jr'),(762,6,'Tyreek','Chappell',7,'DB','Sr'),(763,6,'Jaydon','Hill',8,'DB','GS'),(764,6,'Trey','Jones III',9,'DB','GS'),(765,6,'Dezz','Ricks',10,'DB','Fr'),(766,6,'Nic','Scourton',11,'DL','Jr'),(767,6,'Nana','Boadi-Owusu',12,'DL','So'),(768,6,'D.J.','Hicks',13,'DL','So'),(769,6,'Jayvon','Thomas',14,'DB','So'),(770,6,'Rylan','Kennedy',15,'DL','So'),(771,6,'Albert','Regis',17,'DL','Jr'),(772,6,'Cashius','Howell',18,'DL','Jr'),(773,6,'Bravion','Rogers',19,'DB','So'),(774,6,'B.J.','Mayes',20,'DB','So'),(775,6,'Taurean','York',21,'LB','So'),(776,6,'Solomon','DeShields',22,'LB','Sr'),(777,6,'Chantz','Johnson',23,'LB','So'),(778,6,'Donovan','Saunders',24,'DB','Jr'),(779,6,'Dalton','Brooks',25,'DB','So'),(780,6,'Daymion','Sanford',27,'LB','So'),(781,6,'Jordan','Pride',28,'DB','Fr'),(782,6,'Myles','Davis',29,'DB','Fr'),(783,6,'Solomon','Williams',30,'DL','Fr'),(784,6,'Caleb','Surber',31,'DB','Jr'),(785,6,'Tristan','Jernigan',32,'LB','Fr'),(786,6,'Jarred','Kerr',33,'DB','Jr'),(787,6,'Sawyer','Bolli',35,'DB','Fr'),(788,6,'Kyle','Walsh',36,'DB','So'),(789,6,'Martrell','Harris Jr.',40,'LB','Jr'),(790,6,'Kendall','Jackson',42,'DL','Fr'),(791,6,'Jordan','Lockhart',45,'LB','Fr'),(792,6,'Aidan','Herrera',46,'LB','So'),(793,6,'Jadon','Scarlett',53,'DL','So'),(794,6,'Danny','Lockhart Jr.',54,'LB','Sr'),(795,6,'Dealyn','Evans',55,'DL','Fr'),(796,6,'Rodas','Johnson',56,'DL','GS'),(797,6,'Malick','Sylla',92,'DL','Jr'),(798,6,'Josh','Celiscar',94,'DL','GS'),(799,6,'Nathan','Jackson',96,'DL','Jr'),(800,6,'Jesse','Chukwu',98,'DL','So'),(801,6,'Gabriel','Brownlow-Dindy',99,'DL','So'),(802,6,'Keegan','Andrews',33,'P','Jr'),(803,6,'Truette','Tumey',36,'P','Jr'),(804,6,'Tyler','White',37,'P','Fr'),(805,6,'Eli','Krozel',38,'K','Jr'),(806,6,'Liam','Padron',41,'K','Fr'),(807,6,'Jackson','Graham',42,'LS','Fr'),(808,6,'Levi','Hancock',45,'LS','So'),(809,6,'Randy','Bond',47,'K','GS'),(810,6,'Jacob','Graham',48,'LS','GS'),(811,6,'Connor','Able',49,'LS','Jr'),(812,6,'Drake','Bhatia',94,'K','Sr'),(813,6,'Jared','Zirkel',99,'K','Sr'),(814,8,'Michael','Hawkins Jr.',9,'QB','Fr'),(815,8,'Jackson','Arnold',11,'QB','So'),(816,8,'Brendan','Zurbrugg',12,'QB','Fr'),(817,8,'Steele','Wasel',14,'QB','RFr'),(818,8,'Casey','Thompson',16,'QB','RGS'),(819,8,'Kalib','Hicks',0,'RB','RFr'),(820,8,'Jovantae','Barnes',2,'RB','Jr'),(821,8,'Taylor','Tatum',8,'RB','Fr'),(822,8,'Sam','Franklin',20,'RB','R Jr'),(823,8,'Xavier','Robinson',21,'RB','Fr'),(824,8,'Chapman','McKown',22,'RB','RFr'),(825,8,'Emeka','Megwa',23,'RB','R Jr'),(826,8,'Andy','Bass',25,'RB','Fr'),(827,8,'Gavin','Sawchuk',27,'RB','RSo'),(828,8,'Gabe','Sawchuck',29,'RB','Fr'),(829,8,'Jayden','Gibson',1,'WR','Jr'),(830,8,'Jalil','Farooq',3,'WR','Sr'),(831,8,'Nic','Anderson',4,'WR','RSo'),(832,8,'Andrel','Anthony',5,'WR','Sr'),(833,8,'Deion','Burks',6,'WR','R Jr'),(834,8,'Zion','Kearney',7,'WR','Fr'),(835,8,'J.J.','Hester',13,'WR','RSr'),(836,8,'Brenen','Thompson',15,'WR','Jr'),(837,8,'Jaquaize','Pettaway',17,'WR','So'),(838,8,'Zion','Ragins',26,'WR','Fr'),(839,8,'KJ','Daniels',28,'WR','Fr'),(840,8,'Ivan','Carreon',82,'WR','Fr'),(841,8,'Major','Melson',83,'WR','RSr'),(842,8,'Trey','Brown',85,'WR','RFr'),(843,8,'Jacob','Jordan',88,'WR','Fr'),(844,8,'Eli','Merck',89,'WR','RFr'),(845,8,'Bauer','Sharp',10,'TE','R Jr'),(846,8,'Kaden','Helms',18,'TE','RSo'),(847,8,'Kade','McIntyre',19,'TE','RFr'),(848,8,'Hampton','Fay',45,'TE','R Jr'),(849,8,'Josh','Fanuiel',80,'TE','R Jr'),(850,8,'Davon','Mitchell',84,'TE','Fr'),(851,8,'Jake','Roberts',87,'TE','GS'),(852,8,'Branson','Hickman',51,'OL','RSr'),(853,8,'Troy','Everett',52,'OL','R Jr'),(854,8,'Febechi','Nwaiwu',54,'OL','R Jr'),(855,8,'Eddy','Pierre-Louis',55,'OL','Fr'),(856,8,'Eugene','Brooks',56,'OL','Fr'),(857,8,'Gunnar','Allen',57,'OL','RSo'),(858,8,'Spencer','Brown',58,'OL','RSr'),(859,8,'Kenneth','Wermy',61,'OL','RFr'),(860,8,'Joshua','Bates',64,'OL','RFr'),(861,8,'Ty','Kubicek',65,'OL','RFr'),(862,8,'Geiern','Hatchett',66,'OL','RSr'),(863,8,'Michael','Tarquin',70,'OL','RSr'),(864,8,'Logan','Howland',71,'OL','RFr'),(865,8,'Josh','Aisosa',72,'OL','Fr'),(866,8,'Isiah','Autry-Dent',73,'OL','Fr'),(867,8,'Evan','McClure',74,'OL','Fr'),(868,8,'Daniel','Akikunmi',75,'OL','Fr'),(869,8,'Jacob','Sexton',76,'OL','Jr'),(870,8,'Heath','Ozaeta',77,'OL','RFr'),(871,8,'Jake','Taylor',79,'OL','RSo'),(872,8,'David','Stone',0,'DL','Fr'),(873,8,'Nigel','Smith II',6,'DL','Fr'),(874,8,'Danny','Okoye',16,'DL','Fr'),(875,8,'Trace','Ford',30,'DL','RGS'),(876,8,'R','Mason Thomas',32,'DL','Jr'),(877,8,'Adepoju','Adebawore',34,'DL','So'),(878,8,'Ethan','Downs',40,'DL','Sr'),(879,8,'Wyatt','Gilmore',42,'DL','Fr'),(880,8,'Taylor','Wein',44,'DL','RFr'),(881,8,'Damonic','Williams',52,'DL','Jr'),(882,8,'Bergin','Kyser',54,'DL','Fr'),(883,8,'Ashton','Sanders',55,'DL','RFr'),(884,8,'Gracen','Halton',56,'DL','Jr'),(885,8,'Jayden','Jackson',65,'DL','Fr'),(886,8,'Caiden','Woulland',90,'DL','Sr'),(887,8,'Drew','Heinig',91,'DL','RFr'),(888,8,'Ace','Hodges',93,'DL','Fr'),(889,8,'Mari','Atchison',94,'DL','Fr'),(890,8,'Da\'Jon','Terry',95,'DL','RGS'),(891,8,'Davon','Sears',96,'DL','RGS'),(892,8,'Markus','Strong',99,'DL','RFr'),(893,8,'Dasan','McCullough',1,'LB','Jr'),(894,8,'Jaren','Kanak',7,'LB','Jr'),(895,8,'Kip','Lewis',10,'LB','RSo'),(896,8,'Kobie','McKinzie',11,'LB','RSo'),(897,8,'Taylor','Heim',17,'LB','RFr'),(898,8,'Lewis','Carter',20,'LB','So'),(899,8,'Samuel','Omosigho',24,'LB','So'),(900,8,'Danny','Stutsman',28,'LB','Sr'),(901,8,'Phil','Picciotti',33,'LB','RFr'),(902,8,'Owen','Heinecke',38,'LB','RSo'),(903,8,'James','Nesta',47,'LB','Fr'),(904,8,'Billy','Bowman Jr.',2,'DB','Sr'),(905,8,'Robert','Spears-Jennings',3,'DB','Jr'),(906,8,'Dez','Malone',4,'DB','Sr'),(907,8,'Woodi','Washington',5,'DB','RGS'),(908,8,'Makari','Vickers',6,'DB','So'),(909,8,'Gentry','Williams',9,'DB','Jr'),(910,8,'Devon','Jordan',12,'DB','Fr'),(911,8,'Reggie','Powers III',13,'DB','Fr'),(912,8,'Jaydan','Hardy',14,'DB','Fr'),(913,8,'Kendal','Dolby',15,'DB','Sr'),(914,8,'Erik','McCarty',18,'DB','RFr'),(915,8,'Jacobe','Johnson',19,'DB','So'),(916,8,'Jeremiah','Newcombe',21,'DB','Fr'),(917,8,'Peyton','Bowen',22,'DB','So'),(918,8,'Eli','Bowen',23,'DB','Fr'),(919,8,'Michael','Boganowski',25,'DB','Fr'),(920,8,'Kani','Walker',26,'DB','R Jr'),(921,8,'Jayden','Rowe',27,'DB','RSo'),(922,8,'Casen','Calmus',29,'DB','RFr'),(923,8,'Cale','Fugate',31,'DB','RFr'),(924,8,'Jakeb','Snyder',35,'DB','RFr'),(925,8,'Peter','Schuh',39,'DB','RSo'),(926,8,'Emmett','Jones III',41,'DB','RFr'),(927,8,'Mikel','Patterson-McDonald',45,'DB','Fr'),(928,8,'Dax','Noles',46,'DB','Fr'),(929,8,'Jocelyn','Malaska',48,'DB','RSo'),(930,8,'Zach','Schmit',34,'K','RSr'),(931,8,'Liam','Evans',35,'K','Fr'),(932,8,'Josh','Plaster',36,'K','RGS'),(933,8,'Tyler','Keltner',98,'K','RGS'),(934,8,'Ashton','Logan',31,'P','RSo'),(935,8,'Luke','Elziga',48,'P','RGS'),(936,9,'Brock','Vandagriff',9,'QB','Jr'),(937,9,'Cutter','Boley',3,'QB','Fr'),(938,9,'Gavin','Wimsatt',18,'QB','Jr'),(939,9,'Beau','Allen',8,'QB','Sr'),(940,9,'Demie','Sumo',33,'RB','Sr'),(941,9,'Jamarion','Wilcox',35,'RB','Fr'),(942,9,'Jason','Patterson',38,'RB','Fr'),(943,9,'Deamonte','Trayanum',37,'RB','Sr'),(944,9,'Tovani','Mizell',27,'RB','Fr'),(945,9,'Barion','Brown',7,'WR','Jr'),(946,9,'Anthony','Brown',81,'WR','So'),(947,9,'Jay','Maclin',86,'WR','Jr'),(948,9,'Fred','Farrier II',85,'WR','Jr'),(949,9,'Hardley','Gilmore IV',2,'WR','Fr'),(950,9,'Dane','Key',82,'WR','Jr'),(951,9,'David','Washington Jr.',6,'WR','Fr'),(952,9,'Jordan','Dingle',44,'TE','Jr'),(953,9,'Josh','Kattus',47,'TE','Jr'),(954,9,'Khamari','Anderson',41,'TE','So'),(955,9,'Willie','Rodriguez',83,'TE','Fr'),(956,9,'Jager','Burton',57,'OL','Jr'),(957,9,'Ben','Christman',52,'OL','Jr'),(958,9,'Eli','Cox',70,'OL','Sr'),(959,9,'Marques','Cox',71,'OL','Sr'),(960,9,'Courtland','Ford',72,'OL','Sr'),(961,9,'Hayes','Johnson',76,'OL','Fr'),(962,9,'Tavion','Gadson',59,'DL','So'),(963,9,'Kendrick','Gilbert',41,'DL','So'),(964,9,'Josaih','Hayes',51,'DL','Sr'),(965,9,'Octavious','Oxendine',49,'DL','Sr'),(966,9,'Brian','Robinson',41,'DL','Fr'),(967,9,'Deone','Walker',58,'DL','Jr'),(968,9,'Alex','Afari Jr.',51,'LB','Jr'),(969,9,'Jayvant','Brown',30,'LB','So'),(970,9,'Jamon','Dumas-Johnson',56,'LB','Sr'),(971,9,'Tyreese','Fearbry',50,'LB','So'),(972,9,'D\'Eryk','Jackson',54,'LB','Sr'),(973,9,'J.J.','Weaver',57,'LB','Sr'),(974,9,'Nassir','Addison',6,'DB','So'),(975,9,'Ty','Bryant',16,'DB','So'),(976,9,'Zion','Childress',28,'DB','Sr'),(977,9,'Cam','Dooley',14,'DB','Fr'),(978,9,'Jantzen','Dunn',9,'DB','Jr'),(979,9,'Maxwell','Hairston',7,'DB','Jr'),(980,9,'Jordan','Lovett',2,'DB','Jr'),(981,9,'Kristian','Story',20,'DB','Sr'),(982,9,'Jacob','Kauwe',98,'K','Fr'),(983,9,'Aiden','Laros',92,'K','Jr'),(984,9,'Alex','Raynor',95,'K','Sr'),(985,9,'Wilson','Berry',94,'P','Jr'),(986,9,'Walker','Himebauch',43,'LS','So'),(987,9,'Alex','McLaughlin',40,'LS','Jr'),(988,9,'Trent','Baker',44,'LS','Fr'),(989,10,'Taylen','Green',3,'QB','Jr'),(990,10,'Malachi','Singleton',14,'QB','Fr'),(991,10,'KJ','Jackson',7,'QB','Fr'),(992,10,'Rykar','Acebo',1,'QB','So'),(993,10,'Blake','Boda',11,'QB','Fr'),(994,10,'Austin','Ledbetter',17,'QB','Fr'),(995,10,'Ja\'Quinden','Jackson',45,'RB','Sr'),(996,10,'Braylen','Russell',48,'RB','Fr'),(997,10,'Rashod','Dubinion',48,'RB','Jr'),(998,10,'Rodney','Hill',41,'RB','So'),(999,10,'Tyrell','Reed Jr.',45,'RB','So'),(1000,10,'Jordan','Anthony',86,'WR','So'),(1001,10,'Isaiah','Sategna',84,'WR','So'),(1002,10,'Andrew','Armstrong',2,'WR','Sr'),(1003,10,'Isaac','TeSlaa',82,'WR','Sr'),(1004,10,'Tyrone','Broden',82,'WR','Sr'),(1005,10,'CJ','Brown',81,'WR','Fr'),(1006,10,'Khafre','Brown',83,'WR','Sr'),(1007,10,'Bryce','Stephens',82,'WR','Jr'),(1008,10,'Jaedon','Wilson',81,'WR','Jr'),(1009,10,'Luke','Hasz',86,'TE','So'),(1010,10,'Ty','Washington',82,'TE','So'),(1011,10,'Var\'keyes','Gumms',41,'TE','Jr'),(1012,10,'Shamar','Easter',42,'TE','Fr'),(1013,10,'Josh','Braun',61,'OL','Sr'),(1014,10,'Ty\'kieast','Crawford',64,'OL','Sr'),(1015,10,'Patrick','Kutas',67,'OL','Jr'),(1016,10,'Luke','Brown',78,'OL','So'),(1017,10,'E\'Marion','Harris',56,'OL','So'),(1018,10,'Amaury','Wiggins',75,'OL','Jr'),(1019,10,'Cameron','Ball',50,'DL','Jr'),(1020,10,'Charlie','Collins',92,'DL','Fr'),(1021,10,'Nico','Davillier',91,'DL','Jr'),(1022,10,'Eric','Gregory',56,'DL','Sr'),(1023,10,'Landon','Jackson',91,'DL','Sr'),(1024,10,'Keivie','Rose',44,'DL','Sr'),(1025,10,'Brooks','Both',48,'LB','Sr'),(1026,10,'Carson','Dean',36,'LB','Fr'),(1027,10,'Stephen','Dix Jr.',33,'LB','Sr'),(1028,10,'Kaden','Henley',51,'LB','So'),(1029,10,'Alex','Sanford',35,'LB','So'),(1030,10,'Wyatt','Simmons',53,'LB','Fr'),(1031,10,'Xavian','Sorey Jr.',55,'LB','Jr'),(1032,10,'Brad','Spence',39,'LB','So'),(1033,10,'Jaylon','Braxton',11,'DB','So'),(1034,10,'Hudson','Clark',16,'DB','Sr'),(1035,10,'Jayden','Johnson',3,'DB','Sr'),(1036,10,'Miguel','Mitchell',25,'DB','Jr'),(1037,10,'Jaheim','Singletary',9,'DB','So'),(1038,10,'Doneiko','Slaughter',6,'DB','Sr'),(1039,10,'Dallas','Young',3,'DB','Fr'),(1040,10,'Kyle','Ramsey',94,'K','Sr'),(1041,10,'Matthew','Shipley',97,'K','Sr'),(1042,10,'Devin','Bale',96,'P','Sr'),(1043,10,'Sam','Dubwig',98,'P','Fr'),(1044,10,'Ashton','Ngo',49,'LS','Jr'),(1045,10,'Max','Schmidly',43,'LS','Fr'),(1046,11,'Michael','Van Buren Jr.',7,'QB','Fr'),(1047,11,'Blake','Shapen',11,'QB','Sr'),(1048,11,'Jake','Weir',8,'QB','Jr'),(1049,11,'Chris','Parson',9,'QB','Fr'),(1050,11,'Johnnie','Daniels',26,'RB','Jr'),(1051,11,'Davon','Booth',36,'RB','Sr'),(1052,11,'Xavier','Gayten',23,'RB','Fr'),(1053,11,'Seth','Davis',32,'RB','So'),(1054,11,'Jeffery','Pittman',36,'RB','Sr'),(1055,11,'Kelly','Akharaiyi',18,'WR','Sr'),(1056,11,'Kevin','Coleman Jr.',88,'WR','Jr'),(1057,11,'J. J.','Harrell',10,'WR','Fr'),(1058,11,'Braylon','Burnside',82,'WR','Fr'),(1059,11,'Jordan','Mosley',84,'WR','Jr'),(1060,11,'Creed','Whittemore',11,'WR','So'),(1061,11,'Jaden','Walley',12,'WR','Sr'),(1062,11,'Trent','Hudson',2,'WR','Sr'),(1063,11,'Antonio','Harmon',15,'WR','Jr'),(1064,11,'Cameron','Bell',46,'TE','So'),(1065,11,'Seydou','Traore',49,'TE','Jr'),(1066,11,'Rayfield','Lotten',83,'TE','Fr'),(1067,11,'Justin','Ball',80,'TE','Sr'),(1068,11,'Luke','Work',71,'OL','Fr'),(1069,11,'Leon','Bell',62,'OL','Jr'),(1070,11,'Makylan','Pounders',64,'OL','Jr'),(1071,11,'Ethan','Miner',70,'OL','Sr'),(1072,11,'Marlon','Martinez',65,'OL','Sr'),(1073,11,'Sulaiman','Kpaka',56,'DL','Sr'),(1074,11,'De\'Monte','Russell',49,'DL','Sr'),(1075,11,'Eric','Taylor',91,'DL','Sr'),(1076,11,'Corey','Clark',47,'DL','Jr'),(1077,11,'Terrance','Hibbler Jr.',49,'DL','Fr'),(1078,11,'Fred','Clark',37,'LB','Fr'),(1079,11,'Stone','Blanton',52,'LB','Jr'),(1080,11,'Ty','Cooper',55,'LB','Jr'),(1081,11,'J. P.','Purvis',34,'LB','Sr'),(1082,11,'Nic','Mitchell',56,'LB','Jr'),(1083,11,'Kelley','Jones',9,'DB','Fr'),(1084,11,'Isaac','Smith',6,'DB','So'),(1085,11,'Brylan','Lanier',17,'DB','Jr'),(1086,11,'DeAngelo','Brumfield',16,'DB','Sr'),(1087,11,'Khamauri','Rogers',19,'DB','So'),(1088,11,'Hunter','Washington',19,'DB','Jr'),(1089,11,'Kobi','Albert',8,'DB','So'),(1090,11,'Jordan','Morant',25,'DB','Sr'),(1091,11,'Kai','McClendon',52,'DL','Fr'),(1092,11,'Deonte','Anderson',98,'DL','Jr'),(1093,11,'Gavin','Nelson',95,'DL','So'),(1094,11,'Eric','Taylor',45,'DL','Sr'),(1095,12,'Jaxson','Dart',2,'QB','Sr'),(1096,12,'Walker','Howard',7,'QB','So'),(1097,12,'Austin','Simmons',13,'QB','Fr'),(1098,12,'AJ','Maddox',15,'QB','Fr'),(1099,12,'Justin','Kowalak',16,'QB','So'),(1100,12,'Braden','Waterman',16,'QB','So'),(1101,12,'Matt','Jones',0,'RB','Jr'),(1102,12,'Henry','Parrish Jr.',21,'RB','Sr'),(1103,12,'Logan','Diggs',22,'RB','Sr'),(1104,12,'Ulysses','Bentley IV',24,'RB','Sr'),(1105,12,'Domonique','Thomas',26,'RB','Sr'),(1106,12,'Rashad','Amos',33,'RB','Sr'),(1107,12,'Raphael','Ekechi',35,'RB','Jr'),(1108,12,'Austin','Acton',37,'RB','Fr'),(1109,12,'Jason','Albritton',40,'RB','So'),(1110,12,'Ali','Scott',44,'RB','Jr'),(1111,12,'Ayden','Williams',1,'WR','So'),(1112,12,'Juice','Wells',3,'WR','Jr'),(1113,12,'Micah','Davis',4,'WR','Sr'),(1114,12,'Tre','Harris',9,'WR','Sr'),(1115,12,'Jordan','Watkins',11,'WR','Sr'),(1116,12,'Izaiah','Hartrup',14,'WR','Sr'),(1117,12,'Devin','Price',17,'WR','Sr'),(1118,12,'Cayden','Lee',19,'WR','So'),(1119,12,'Joshua','Aka',20,'WR','Sr'),(1120,12,'Drew','Burnett',23,'WR','So'),(1121,12,'Calvin','Wilson',31,'WR','Jr'),(1122,12,'Torian','Kelly',32,'WR','Jr'),(1123,12,'Ciaran','Pedulla',39,'WR','Fr'),(1124,12,'Dylan','Davis',43,'WR','Fr'),(1125,12,'Noreel','White',81,'WR','Fr'),(1126,12,'Jarnorris','Hopson',83,'WR','Jr'),(1127,12,'Mac','Owen',84,'WR','So'),(1128,12,'Joshua','Pfeifer',85,'WR','Jr'),(1129,12,'Jordan','Smart',89,'WR','Sr'),(1130,12,'Dae\'Quan','Wright',8,'TE','Jr'),(1131,12,'Jack','Harper',42,'TE','Fr'),(1132,12,'Sean','Judge',45,'TE','Fr'),(1133,12,'Salathiel','Hemphill',46,'TE','Sr'),(1134,12,'Wyatt','Smalley',47,'TE','Fr'),(1135,12,'Caden','Prieskorn',86,'TE','Sr'),(1136,12,'Hudson','Wolfe',87,'TE','Jr'),(1137,12,'Dillon','Hipp',88,'TE','Fr'),(1138,12,'Jayden','Williams',50,'OL','Jr'),(1139,12,'Trey','Nightingale',51,'OL','Fr'),(1140,12,'Julius','Buelow',52,'OL','Sr'),(1141,12,'Joe','Koury',53,'OL','Fr'),(1142,12,'Caleb','Warren',54,'OL','Sr'),(1143,12,'Preston','Cushman',55,'OL','So'),(1144,12,'Reece','McIntyre',56,'OL','Sr'),(1145,12,'Micah','Pettus',57,'OL','Jr'),(1146,12,'Jude','Foster',58,'OL','Fr'),(1147,12,'Mana','Taimani',59,'OL','Sr'),(1148,12,'Lane','Hewett',60,'OL','Fr'),(1149,12,'Diego','Pounds',61,'OL','Jr'),(1150,12,'Brycen','Sanders',62,'OL','Fr'),(1151,12,'Gerquan','Scott',65,'OL','Sr'),(1152,12,'Jack','Mills',68,'OL','So'),(1153,12,'Nate','Kalepo',71,'OL','Sr'),(1154,12,'Ethan','Fields',72,'OL','Fr'),(1155,12,'Eli','Acker',73,'OL','Sr'),(1156,12,'Kavion','Broussard',75,'OL','Fr'),(1157,12,'John Wayne','Oliver',76,'OL','Fr'),(1158,12,'Cam','East',77,'OL','So'),(1159,12,'Jeremy','James',78,'OL','Sr'),(1160,12,'Princely','Umanmielen',1,'DL','Sr'),(1161,12,'Walter','Nolen',2,'DL','Jr'),(1162,12,'Kam','Franklin',14,'DL','Fr'),(1163,12,'Jared','Ivey',15,'DL','Sr'),(1164,12,'Cam','Clark',35,'DL','Fr'),(1165,12,'JJ','Pegues',38,'DL','Sr'),(1166,12,'DeeJay','Holmes Jr.',47,'DL','Fr'),(1167,12,'Zxavian','Harris',51,'DL','Jr'),(1168,12,'William','Echoles',52,'DL','Fr'),(1169,12,'Lakendrick','Clancy',55,'DL','Fr'),(1170,12,'Paris','Evans',57,'DL','Fr'),(1171,12,'Jeffery','Rush',90,'DL','Fr'),(1172,12,'Chris','Hardie',91,'DL','Sr'),(1173,12,'Chamberlain','Campbell',92,'DL','Fr'),(1174,12,'Tavion','Prather',94,'DL','Sr'),(1175,12,'Akelo','Stone',95,'DL','Sr'),(1176,12,'Jamarious','Brown',96,'DL','Fr'),(1177,13,'Junior','Sherrill',0,'WR','So'),(1178,13,'Dariyan','Wiley',1,'WR','GS'),(1179,13,'Diego','Pavia',2,'QB','GS'),(1180,13,'Quincy','Skinner Jr.',3,'WR','Sr'),(1181,13,'Richie','Hoskins',5,'WR','Sr'),(1182,13,'Drew','Dickey',7,'QB','Jr'),(1183,13,'Nate','Johnson',8,'QB','Jr'),(1184,13,'Eli','Stowers',9,'TE','GS'),(1185,13,'Whit','Muschamp',10,'QB','Fr'),(1186,13,'Loic','Fouonji',11,'WR','GS'),(1187,13,'Brennan','Storer',12,'QB','So'),(1188,13,'Chase','Gillespie',13,'RB','Jr'),(1189,13,'Jérémy','St. Hilaire',14,'QB','Fr'),(1190,13,'Jeremiah','Dillon',15,'WR','Jr'),(1191,13,'Cole','Spence',16,'TE','Jr'),(1192,13,'Hayden','Moses',18,'QB','Sr'),(1193,13,'Blaze','Berlowitz',19,'QB','So'),(1194,13,'A. J.','Newberry',23,'RB','So'),(1195,13,'Micah','Bell',26,'WR','Jr'),(1196,13,'Sedrick','Alexander',28,'RB','So'),(1197,13,'Moni','Jones',33,'RB','GS'),(1198,13,'Johann','Cardenas',34,'RB','Fr'),(1199,13,'Ty','Burd',37,'WR','So'),(1200,13,'Jackson','Heis',39,'WR','So'),(1201,13,'Jamezell','Lassiter',41,'WR','Fr'),(1202,13,'Jake','Balis',42,'RB','Fr'),(1203,13,'Dominic','Rezac',43,'RB','Jr'),(1204,13,'Gabe','Fisher',44,'FB/TE','So'),(1205,13,'Emmanuel','Adebi',45,'TE','GS'),(1206,13,'Isaiah','Fontan',47,'RB','Jr'),(1207,13,'Larry','Benton III',48,'TE','Fr'),(1208,13,'Elijah','Rooney',49,'TE','Fr'),(1209,13,'Chase','Mitchell',50,'OL','GS'),(1210,13,'Kevo','Wesley',52,'OL','GS'),(1211,13,'Steven','Hubbard',54,'OL','GS'),(1212,13,'Gunnar','Hansen',55,'OL','Sr'),(1213,13,'Max','Fisher',57,'OL','So'),(1214,13,'Duncan','MacDonald',60,'OL','Jr'),(1215,13,'C. J.','Williams',62,'OL','Fr'),(1216,13,'Delfin Xavier','Castro',64,'OL','Sr'),(1217,13,'Anthony','Miles',66,'OL','So'),(1218,13,'Steven','Losoya',68,'OL','GS'),(1219,13,'Cooper','Starks',69,'OL','So'),(1220,13,'Cade','McConnell',70,'OL','Jr'),(1221,13,'Gage','Pitchford',71,'OL','GS'),(1222,13,'Josh','Raymond',72,'OL','Fr'),(1223,13,'Charlie','Clark',73,'OL','Sr'),(1224,13,'Cameron','Bosen',74,'OL','Fr'),(1225,13,'Misael','Sandoval',75,'OL','So'),(1226,13,'Grayson','Morgan',76,'OL','Jr'),(1227,13,'David','Siegel',77,'OL','Jr'),(1228,13,'Keegan','Wechsler',78,'OL','So'),(1229,13,'Tristen','Brown',80,'WR','Fr'),(1230,13,'Hutch','Baird',81,'WR','Sr'),(1231,13,'Brycen','Coleman',82,'TE','Fr'),(1232,13,'Derek','Kee',83,'WR','So'),(1233,13,'Kamrean','Johnson',84,'TE','So'),(1234,13,'Landon','Wells',85,'WR','Jr'),(1235,13,'Witt','Edwards',86,'WR','Fr'),(1236,13,'Joseph','McVay',87,'WR','Fr'),(1237,13,'Boski','Barrett',88,'WR','Fr'),(1238,14,'Joshua','Manning',0,'WR','So'),(1239,14,'Theo','Wease Jr.',1,'WR','GS'),(1240,14,'Marquis','Johnson',2,'WR','So'),(1241,14,'Luther','Burden III',3,'WR','Jr'),(1242,14,'James','Madison II',4,'WR','Fr'),(1243,14,'Mookie','Cooper',5,'WR','GS');
/*!40000 ALTER TABLE `players` ENABLE KEYS */;
UNLOCK TABLES;

--
-- Table structure for table `season`
--

DROP TABLE IF EXISTS `season`;
/*!40101 SET @saved_cs_client     = @@character_set_client */;
/*!50503 SET character_set_client = utf8mb4 */;
CREATE TABLE `season` (
  `idseason` int NOT NULL,
  `year` varchar(45) DEFAULT NULL,
  `startdate` varchar(45) DEFAULT NULL,
  `enddate` varchar(45) DEFAULT NULL,
  PRIMARY KEY (`idseason`)
) ENGINE=InnoDB DEFAULT CHARSET=utf8mb3;
/*!40101 SET character_set_client = @saved_cs_client */;

--
-- Dumping data for table `season`
--

LOCK TABLES `season` WRITE;
/*!40000 ALTER TABLE `season` DISABLE KEYS */;
INSERT INTO `season` VALUES (1,'2024','2024-08-24','2025-01-20');
/*!40000 ALTER TABLE `season` ENABLE KEYS */;
UNLOCK TABLES;

--
-- Table structure for table `stadium`
--

DROP TABLE IF EXISTS `stadium`;
/*!40101 SET @saved_cs_client     = @@character_set_client */;
/*!50503 SET character_set_client = utf8mb4 */;
CREATE TABLE `stadium` (
  `stadiumid` int NOT NULL,
  `stadiumname` varchar(45) DEFAULT NULL,
  `city` varchar(45) DEFAULT NULL,
  `capacity` int DEFAULT NULL,
  `state` varchar(45) DEFAULT NULL
) ENGINE=InnoDB DEFAULT CHARSET=utf8mb3;
/*!40101 SET character_set_client = @saved_cs_client */;

--
-- Dumping data for table `stadium`
--

LOCK TABLES `stadium` WRITE;
/*!40000 ALTER TABLE `stadium` DISABLE KEYS */;
INSERT INTO `stadium` VALUES (1,'Samford Stadium','Athens',93033,'GA'),(2,'Neyland Stadium','Knoxville',101915,'TN'),(3,'Bryant-Denny Stadium','Tuscaloosa',100077,'AL'),(4,'Jordan-Hare Stadium','Aurburn',88043,'AL'),(5,'Ben Hill Griffin Stadium','Gainsville',88548,'FL'),(6,'Kyle Field','College Staion ',102733,'TX'),(7,'Tiger Stadium','Baton Rouge',102321,'LA'),(8,'Gaylord Family-Oklahoma Memorial Stadium','Norman',86112,'OK'),(9,'Kroger Field','Lexington',61000,'KY'),(10,'Donald W. Reynolds Razorback Stadium','Fayetteville',72000,'AK'),(11,'Davis Wade Stadium','Starkville',60311,'MS'),(12,'Vaught-hemingway Stadium','Oxford',64038,'MS'),(13,'FirstBank Stadium','Nashville',40550,'TN'),(14,'Memorial Stadium','Columbia',61620,'MO'),(15,'Williams-Brice Stadium','Columbia',77559,'SC'),(16,'Darrell K. Royal-Texas Memorial Stadium','Austin',100119,'TX');
/*!40000 ALTER TABLE `stadium` ENABLE KEYS */;
UNLOCK TABLES;

--
-- Table structure for table `team`
--

DROP TABLE IF EXISTS `team`;
/*!40101 SET @saved_cs_client     = @@character_set_client */;
/*!50503 SET character_set_client = utf8mb4 */;
CREATE TABLE `team` (
  `idteam` int NOT NULL,
  `Teamname` varchar(45) DEFAULT NULL,
  `Mascot` varchar(45) DEFAULT NULL,
  `Confrence` varchar(45) DEFAULT NULL,
  `homestadiumID` int DEFAULT NULL,
  PRIMARY KEY (`idteam`)
) ENGINE=InnoDB DEFAULT CHARSET=utf8mb3;
/*!40101 SET character_set_client = @saved_cs_client */;

--
-- Dumping data for table `team`
--

LOCK TABLES `team` WRITE;
/*!40000 ALTER TABLE `team` DISABLE KEYS */;
INSERT INTO `team` VALUES (3,'Alabama','Elephant','SEC',3),(6,'Texas A&M','Dog','SEC',6),(8,'Oklahoma','Sooner','SEC',8),(9,'Kentucky','Wildcat','SEC',9),(12,'Ole Miss','Rebel','SEC',12),(13,'Vanderbilt','Commodore','SEC',13),(15,'South Carolina','Gamecock','SEC',15),(16,'Texas','Longhorn','SEC',16),(1245,'14','Courtney','Crutchfield',1),(1246,'Tennesee','Volunteer','SEC',2),(1248,'14','Mekhi','SEC',4),(1249,'Flordia','Gator','SEC',5),(1250,'LSU','Tiger','SEC',12),(1252,'14','Brett','SEC',10),(1253,'14','Tommy','Lock',15),(1255,'14','J. R.','Blood',14),(1257,'Out of Confrence Opponent','N/A','Roberts',20);
/*!40000 ALTER TABLE `team` ENABLE KEYS */;
UNLOCK TABLES;

--
-- Table structure for table `team_matchup`
--

DROP TABLE IF EXISTS `team_matchup`;
/*!40101 SET @saved_cs_client     = @@character_set_client */;
/*!50503 SET character_set_client = utf8mb4 */;
CREATE TABLE `team_matchup` (
  `Hometeamid` int NOT NULL,
  `Awayteamid` int NOT NULL,
  `GameDate` varchar(45) DEFAULT NULL,
  PRIMARY KEY (`Hometeamid`,`Awayteamid`)
) ENGINE=InnoDB DEFAULT CHARSET=utf8mb3;
/*!40101 SET character_set_client = @saved_cs_client */;

--
-- Dumping data for table `team_matchup`
--

LOCK TABLES `team_matchup` WRITE;
/*!40000 ALTER TABLE `team_matchup` DISABLE KEYS */;
INSERT INTO `team_matchup` VALUES (1,4,'2024-12-06'),(1,5,'2024-10-20'),(1,8,'2024-09-15'),(1,9,'2024-11-19'),(1,10,'2024-09-19'),(1,11,'2024-10-21'),(1,13,'2024-09-30'),(1,15,'2024-12-02'),(2,3,'2024-10-08'),(2,9,'2024-11-04'),(2,10,'2024-11-24'),(2,11,'2024-10-18'),(2,13,'2024-10-25'),(2,15,'2024-12-29'),(2,16,'2024-12-09'),(3,1,'2024-12-09'),(3,7,'2024-10-30'),(3,8,'2024-12-02'),(3,10,'2024-12-22'),(3,11,'2024-10-04'),(3,13,'2025-01-06'),(4,2,'2024-10-06'),(4,3,'2024-09-12'),(4,6,'2024-10-03'),(4,8,'2024-11-08'),(4,9,'2024-10-31'),(4,12,'2025-01-08'),(5,4,'2024-11-29'),(5,6,'2024-10-06'),(5,8,'2024-12-01'),(5,10,'2024-10-31'),(5,13,'2025-01-05'),(5,14,'2024-10-30'),(5,16,'2024-11-25'),(6,3,'2024-11-05'),(6,4,'2024-10-05'),(6,5,'2024-09-19'),(6,8,'2024-12-06'),(6,9,'2024-10-17'),(6,10,'2024-10-13'),(6,14,'2024-10-07'),(6,16,'2024-11-20'),(7,2,'2024-12-02'),(7,3,'2024-12-08'),(7,4,'2024-09-27'),(7,11,'2024-10-13'),(7,12,'2024-10-08'),(7,13,'2024-11-14'),(7,14,'2024-10-11'),(7,15,'2024-12-30'),(8,4,'2024-12-24'),(8,6,'2024-09-17'),(8,13,'2024-09-09'),(8,15,'2024-10-31'),(9,3,'2024-11-09'),(9,4,'2024-11-26'),(9,6,'2024-09-11'),(9,7,'2024-11-16'),(9,11,'2024-10-02'),(9,14,'2024-12-17'),(10,3,'2024-09-19'),(10,4,'2024-08-31'),(10,5,'2024-09-23'),(10,9,'2024-10-28'),(10,15,'2024-09-15'),(11,1,'2024-09-23'),(11,4,'2024-11-14'),(11,5,'2024-10-06'),(11,7,'2024-11-09'),(11,8,'2024-12-29'),(11,9,'2025-01-09'),(11,12,'2024-10-24'),(11,14,'2024-12-25'),(11,16,'2024-11-13'),(12,1,'2024-10-24'),(12,3,'2024-12-02'),(12,4,'2024-09-22'),(12,8,'2024-11-25'),(12,9,'2024-09-06'),(12,10,'2024-09-10'),(12,13,'2024-10-28'),(12,14,'2024-12-16'),(12,16,'2024-10-07'),(13,1,'2024-11-24'),(13,5,'2024-11-01'),(14,3,'2024-11-15'),(14,8,'2024-09-03'),(14,15,'2024-09-07'),(15,5,'2024-11-18'),(15,6,'2024-11-03'),(15,11,'2024-12-11'),(16,1,'2024-12-19'),(16,3,'2024-12-25'),(16,4,'2024-10-11'),(16,9,'2024-10-15'),(16,14,'2024-10-20'),(16,15,'2024-12-17');
/*!40000 ALTER TABLE `team_matchup` ENABLE KEYS */;
UNLOCK TABLES;

--
-- Table structure for table `team_season_performance`
--

DROP TABLE IF EXISTS `team_season_performance`;
/*!40101 SET @saved_cs_client     = @@character_set_client */;
/*!50503 SET character_set_client = utf8mb4 */;
CREATE TABLE `team_season_performance` (
  `Seasonid` int DEFAULT NULL,
  `teamid` int DEFAULT NULL,
  `wins` int DEFAULT NULL,
  `losses` int DEFAULT NULL,
  `pointsscored` int DEFAULT NULL,
  `pointsallowed` int DEFAULT NULL
) ENGINE=InnoDB DEFAULT CHARSET=utf8mb3;
/*!40101 SET character_set_client = @saved_cs_client */;

--
-- Dumping data for table `team_season_performance`
--

LOCK TABLES `team_season_performance` WRITE;
/*!40000 ALTER TABLE `team_season_performance` DISABLE KEYS */;
INSERT INTO `team_season_performance` VALUES (1,1,11,3,441,288),(1,1,11,3,441,288),(1,2,10,3,464,209),(1,3,9,4,439,226),(1,4,5,7,333,256),(1,5,8,5,368,300),(1,6,8,5,395,289),(1,7,9,4,396,316),(1,8,6,7,312,280),(1,9,1,7,247,265),(1,10,7,6,402,325),(1,11,2,10,310,409),(1,12,10,3,502,187),(1,13,7,6,355,304),(1,14,10,3,376,265),(1,15,9,4,396,235),(1,16,13,3,528,245);
/*!40000 ALTER TABLE `team_season_performance` ENABLE KEYS */;
UNLOCK TABLES;
/*!40103 SET TIME_ZONE=@OLD_TIME_ZONE */;

/*!40101 SET SQL_MODE=@OLD_SQL_MODE */;
/*!40014 SET FOREIGN_KEY_CHECKS=@OLD_FOREIGN_KEY_CHECKS */;
/*!40014 SET UNIQUE_CHECKS=@OLD_UNIQUE_CHECKS */;
/*!40101 SET CHARACTER_SET_CLIENT=@OLD_CHARACTER_SET_CLIENT */;
/*!40101 SET CHARACTER_SET_RESULTS=@OLD_CHARACTER_SET_RESULTS */;
/*!40101 SET COLLATION_CONNECTION=@OLD_COLLATION_CONNECTION */;
/*!40111 SET SQL_NOTES=@OLD_SQL_NOTES */;

-- Dump completed on 2025-10-26 20:56:17
